Workbook

Sheet ตารางคำนวน
A1: ท่านสามารถกรอกข้อมูล ตามระยะทางที่ใช้ในแต่ละเดือน จำนวนเวลาถือครองรถ และราคาน้ำมันหรือราคาไฟฟ้า เพื่อใช้ในการวิเคราะห์
C2: ระยะทางวิ่ง | D2: 1500 | E2: ก.ม/เดือน | H2: ราคาน้ำมันดีเซล | I2: 42.2 | J2: บาท/ลิตร
C3: ระยะเวลาถือครอง | D3: 1 | E3: ปี | H3: ราคาน้ำมันเบนซิน | I3: 44.9 | J3: บาท/ลิตร
C4: รวมระยะทางทั้งหมด | D4: =D2*12*D3 -> 18000 | E4: กม | H4: ราคาไฟฟ้า | I4: 4.2 | J4: บาท/หน่วย
A6: ประเภทรถยนต์ | B6: ค่าพลังงาน | C6: ราคาซื้อ | D6: ราคาขายต่อ | E6: ค่าใช้จ่ายสะสม
E7: ภาษี | F7: พรบ | G7: ประกันภัย | H7: ยางรถยนต์ | I7: แบตเตอรี่ | J7: แบตเตอรี่ไฟฟ้า | K7: ค่าซ่อมบำรุง | L7: ค่าพลังงานรวม | M7: ค่าใช้จ่ายสะสมรวม
A8: Toyota Camry Sport | B8: =ค่าพลังงาน!B7 -> 14.5 | C8: =ราคาเริ่มต้น!B5 -> 1475000 | D8: =IF($D$3=1,ราคาเริ่มต้น!D5,IF($D$3=2,ราคาเริ่มต้น!E5,IF($D$3=3,ราคาเริ่มต้น!F5,IF($D$3=4,ราคาเริ่มต้น!G5,IF($D$3=5,ราคาเริ่มต้น!H5,IF($D$3=6,ราคาเริ่มต้น!I5,IF($D$3=7,ราคาเริ่มต้น!J5,IF($D$3=8,ราคาเริ่มต้น!K5,IF($D$3=9,ราคาเริ่มต้น!L5,IF($D$3=10,ราคาเริ่มต้น!M5,IF($D$3=11,ราคาเริ่มต้น!N5,IF($D$3=12,ราคาเริ่มต้น!O5,IF($D$3=13,ราคาเริ่มต้น!P5,IF($D$3=14,ราคาเริ่มต้น!Q5,IF($D$3=15,ราคาเริ่มต้น!R5,IF($D$3=16,ราคาเริ่มต้น!S5,IF($D$3=17,ราคาเริ่มต้น!T5,IF($D$3=18,ราคาเริ่มต้น!U5,IF($D$3=19,ราคาเริ่มต้น!V5,IF($D$3=20,ราคาเริ่มต้น!W5)))))))))))))))))))) -> 1209500 | E8: =IF($D$3=1,ภาษีประจำปี!C5,IF($D$3=2,ภาษีประจำปี!E5,IF($D$3=3,ภาษีประจำปี!F5,IF($D$3=4,ภาษีประจำปี!I5,IF($D$3=5,ภาษีประจำปี!K5,IF($D$3=6,ภาษีประจำปี!M5,IF($D$3=7,ภาษีประจำปี!O5,IF($D$3=8,ภาษีประจำปี!Q5,IF($D$3=9,ภาษีประจำปี!S5,IF($D$3=10,ภาษีประจำปี!U5,IF($D$3=11,ภาษีประจำปี!W5,IF($D$3=12,ภาษีประจำปี!Y5,IF($D$3=13,ภาษีประจำปี!AA5,IF($D$3=14,ภาษีประจำปี!AC5,IF($D$3=15,ภาษีประจำปี!AE5,IF($D$3=16,ภาษีประจำปี!AG5,IF($D$3=17,ภาษีประจำปี!AI5,IF($D$3=18,ภาษีประจำปี!AK5,IF($D$3=19,ภาษีประจำปี!AM5,IF($D$3=20,ภาษีประจำปี!AO5)))))))))))))))))))) -> 3474 | F8: =IF($D$3=1,ประกันภัยบังคับ!B5,IF($D$3=2,ประกันภัยบังคับ!C5,IF($D$3=3,ประกันภัยบังคับ!D5,IF($D$3=4,ประกันภัยบังคับ!E5,IF($D$3=5,ประกันภัยบังคับ!F5,IF($D$3=6,ประกันภัยบังคับ!G5,IF($D$3=7,ประกันภัยบังคับ!H5,IF($D$3=8,ประกันภัยบังคับ!I5,IF($D$3=9,ประกันภัยบังคับ!J5,IF($D$3=10,ประกันภัยบังคับ!K5,IF($D$3=11,ประกันภัยบังคับ!L5,IF($D$3=12,ประกันภัยบังคับ!M5,IF($D$3=13,ประกันภัยบังคับ!N5,IF($D$3=14,ประกันภัยบังคับ!O5,IF($D$3=15,ประกันภัยบังคับ!P5,IF($D$3=16,ประกันภัยบังคับ!Q5,IF($D$3=17,ประกันภัยบังคับ!R5,IF($D$3=18,ประกันภัยบังคับ!S5,IF($D$3=19,ประกันภัยบังคับ!T5,IF($D$3=20,ประกันภัยบังคับ!U5)))))))))))))))))))) -> 645.21 | G8: =IF($D$3=1,ประกันภัยชั้น1!C5,IF($D$3=2,ประกันภัยชั้น1!E5,IF($D$3=3,ประกันภัยชั้น1!G5,IF($D$3=4,ประกันภัยชั้น1!I5,IF($D$3=5,ประกันภัยชั้น1!K5,IF($D$3=6,ประกันภัยชั้น1!M5,IF($D$3=7,ประกันภัยชั้น1!O5,IF($D$3=8,ประกันภัยชั้น1!Q5,IF($D$3=9,ประกันภัยชั้น1!S5,IF($D$3=10,ประกันภัยชั้น1!U5,IF($D$3=11,ประกันภัยชั้น1!W5,IF($D$3=12,ประกันภัยชั้น1!Y5,IF($D$3=13,ประกันภัยชั้น1!AA5,IF($D$3=14,ประกันภัยชั้น1!AC5,IF($D$3=15,ประกันภัยชั้น1!AE5,IF($D$3=16,ประกันภัยชั้น1!AG5,IF($D$3=17,ประกันภัยชั้น1!AI5,IF($D$3=18,ประกันภัยชั้น1!AK5,IF($D$3=19,ประกันภัยชั้น1!AM5,IF($D$3=20,ประกันภัยชั้น1!AO5)))))))))))))))))))) -> 25000 | H8: =IF(AND($D$2<1667,$D$3=1),'ยางรถ (ปี)'!B7,IF(AND($D$2<1667,$D$3=2),'ยางรถ (ปี)'!C7,IF(AND($D$2<1667,$D$3=3),'ยางรถ (ปี)'!D7,IF(AND($D$2<1667,$D$3=4),'ยางรถ (ปี)'!D7,IF(AND($D$2<1667,$D$3=5),'ยางรถ (ปี)'!D7,IF(AND($D$2<1667,$D$3=6),'ยางรถ (ปี)'!G7,IF(AND($D$2<1667,$D$3=7),'ยางรถ (ปี)'!G7,IF(AND($D$2<1667,$D$3=8),'ยางรถ (ปี)'!G7,IF(AND($D$2<1667,$D$3=9),'ยางรถ (ปี)'!J7,IF(AND($D$2<1667,$D$3=10),'ยางรถ (ปี)'!J7,IF(AND($D$2<1667,$D$3=11),'ยางรถ (ปี)'!J7,IF(AND($D$2<1667,$D$3=12),'ยางรถ (ปี)'!M7,IF(AND($D$2<1667,$D$3=13),'ยางรถ (ปี)'!M7,IF(AND($D$2<1667,$D$3=14),'ยางรถ (ปี)'!M7,IF(AND($D$2<1667,$D$3=15),'ยางรถ (ปี)'!P7,IF(AND($D$2<1667,$D$3=16),'ยางรถ (ปี)'!P7,IF(AND($D$2<1667,$D$3=17),'ยางรถ (ปี)'!P7,IF(AND($D$2<1667,$D$3=18),'ยางรถ (ปี)'!S7,IF(AND($D$2<1667,$D$3=19),'ยางรถ (ปี)'!S7,IF(AND($D$2<1667,$D$3=20),'ยางรถ (ปี)'!S7,IF(AND($D$2<1667,$D$3=21),'ยางรถ (ปี)'!V7,IF(AND($D$2>=1667,$D$4<50000),0,IF(AND($D$2>=1667, $D$4<100000),'ยางรถ(ระยะทาง)'!G5,IF(AND($D$2>=1667, $D$4<150000),'ยางรถ(ระยะทาง)'!S6,IF(AND($D$2>=1667, $D$4<200000),'ยางรถ(ระยะทาง)'!S5,IF(AND($D$2>=1667, $D$4<250000),'ยางรถ(ระยะทาง)'!Y5,IF(AND($D$2>=1667, $D$4<300000),'ยางรถ(ระยะทาง)'!AF5,IF(AND($D$2>=1667, $D$4<350000),'ยางรถ(ระยะทาง)'!AL5,IF(AND($D$2>=1667, $D$4<400000),'ยางรถ(ระยะทาง)'!AR5,IF(AND($D$2>=1667, $D$4<450000),'ยางรถ(ระยะทาง)'!AX5,IF(AND($D$2>=1667, $D$4<500000),'ยางรถ(ระยะทาง)'!BD5,IF(AND($D$2>=1667, $D$4<550000),'ยางรถ(ระยะทาง)'!BJ5,IF(AND($D$2>=1667, $D$4<600000),'ยางรถ(ระยะทาง)'!BL5,IF(AND($D$2>=1667, $D$4<650000),'ยางรถ(ระยะทาง)'!BN5,IF(AND($D$2>=1667, $D$4<700000),'ยางรถ(ระยะทาง)'!BP5,IF(AND($D$2>=1667, $D$4<750000),'ยางรถ(ระยะทาง)'!BR5,IF(AND($D$2>=1667, $D$4<800000),'ยางรถ(ระยะทาง)'!BV5))))))))))))))))))))))))))))))))))))) -> 0 | I8: =IF(AND($D$2<1667,$D$3=1),'แบตเตอร์รี่ (ปี)'!B5,IF(AND($D$2<1667,$D$3=2),'แบตเตอร์รี่ (ปี)'!C5,IF(AND($D$2<1667,$D$3=3),'แบตเตอร์รี่ (ปี)'!C5,IF(AND($D$2<1667,$D$3=4),'แบตเตอร์รี่ (ปี)'!E5,IF(AND($D$2<1667,$D$3=5),'แบตเตอร์รี่ (ปี)'!E5,IF(AND($D$2<1667,$D$3=6),'แบตเตอร์รี่ (ปี)'!G5,IF(AND($D$2<1667,$D$3=7),'แบตเตอร์รี่ (ปี)'!G5,IF(AND($D$2<1667,$D$3=8),'แบตเตอร์รี่ (ปี)'!I5,IF(AND($D$2<1667,$D$3=9),'แบตเตอร์รี่ (ปี)'!I5,IF(AND($D$2<1667,$D$3=10),'แบตเตอร์รี่ (ปี)'!K5,IF(AND($D$2<1667,$D$3=11),'แบตเตอร์รี่ (ปี)'!K5,IF(AND($D$2<1667,$D$3=12),'แบตเตอร์รี่ (ปี)'!M5,IF(AND($D$2<1667,$D$3=13),'แบตเตอร์รี่ (ปี)'!M5,IF(AND($D$2<1667,$D$3=14),'แบตเตอร์รี่ (ปี)'!O5,IF(AND($D$2<1667,$D$3=15),'แบตเตอร์รี่ (ปี)'!O5,IF(AND($D$2<1667,$D$3=16),'แบตเตอร์รี่ (ปี)'!Q5,IF(AND($D$2<1667,$D$3=17),'แบตเตอร์รี่ (ปี)'!Q5,IF(AND($D$2<1667,$D$3=18),'แบตเตอร์รี่ (ปี)'!S5,IF(AND($D$2<1667,$D$3=19),'แบตเตอร์รี่ (ปี)'!S5,IF(AND($D$2<1667,$D$3=20),'แบตเตอร์รี่ (ปี)'!U5,IF(AND($D$2>=1667,$D$4<40000),0,IF(AND($D$2>=1667,$D$4<80000),'แบตเตอรี(ระยะทาง) '!E5,IF(AND($D$2>=1667,$D$4<120000),'แบตเตอรี(ระยะทาง) '!I5,IF(AND($D$2>=1667,$D$4<160000),'แบตเตอรี(ระยะทาง) '!M5,IF(AND($D$2>=1667,$D$4<200000),'แบตเตอรี(ระยะทาง) '!Q5,IF(AND($D$2>=1667,$D$4<240000),'แบตเตอรี(ระยะทาง) '!E5,IF(AND($D$2>=1667,$D$4<280000),'แบตเตอรี(ระยะทาง) '!Y5,IF(AND($D$2>=1667,$D$4<320000),'แบตเตอรี(ระยะทาง) '!AC5,IF(AND($D$2>=1667,$D$4<360000),'แบตเตอรี(ระยะทาง) '!AG5,IF(AND($D$2>=1667,$D$4<400000),'แบตเตอรี(ระยะทาง) '!AK5,IF(AND($D$2>=1667,$D$4<440000),'แบตเตอรี(ระยะทาง) '!AO5,IF(AND($D$2>=1667,$D$4<480000),'แบตเตอรี(ระยะทาง) '!AS5,IF(AND($D$2>=1667,$D$4<50000),'แบตเตอรี(ระยะทาง) '!AW5,))))))))))))))))))))))))))))))))) -> 0 | J8: =IF(AND($D$2<1667,$D$3=1),'แบตเตอรีไฟฟ้า (ปี)'!B5,IF(AND($D$2<1667,$D$3=2),'แบตเตอรีไฟฟ้า (ปี)'!C5,IF(AND($D$2<1667,$D$3=3),'แบตเตอรีไฟฟ้า (ปี)'!D5,IF(AND($D$2<1667,$D$3=4),'แบตเตอรีไฟฟ้า (ปี)'!E5,IF(AND($D$2<1667,$D$3=5),'แบตเตอรีไฟฟ้า (ปี)'!F5,IF(AND($D$2<1667,$D$3=6),'แบตเตอรีไฟฟ้า (ปี)'!G5,IF(AND($D$2<1667,$D$3=7),'แบตเตอรีไฟฟ้า (ปี)'!H5,IF(AND($D$2<1667,$D$3=8),'แบตเตอรีไฟฟ้า (ปี)'!I5,IF(AND($D$2<1667,$D$3=9),'แบตเตอรีไฟฟ้า (ปี)'!I5,IF(AND($D$2<1667,$D$3=10),'แบตเตอรีไฟฟ้า (ปี)'!K5,IF(AND($D$2<1667,$D$3=11),'แบตเตอรีไฟฟ้า (ปี)'!I5,IF(AND($D$2<1667,$D$3=12),'แบตเตอรีไฟฟ้า (ปี)'!I5,IF(AND($D$2<1667,$D$3=13),'แบตเตอรีไฟฟ้า (ปี)'!I5,IF(AND($D$2<1667,$D$3=14),'แบตเตอรีไฟฟ้า (ปี)'!I5,IF(AND($D$2<1667,$D$3=15),'แบตเตอรีไฟฟ้า (ปี)'!I5,IF(AND($D$2<1667,$D$3=16),'แบตเตอรีไฟฟ้า (ปี)'!Q5,IF(AND($D$2<1667,$D$3=17),'แบตเตอรีไฟฟ้า (ปี)'!Q5,IF(AND($D$2<1667,$D$3=18),'แบตเตอรีไฟฟ้า (ปี)'!Q5,IF(AND($D$2<1667,$D$3=19),'แบตเตอรีไฟฟ้า (ปี)'!Q5,IF(AND($D$2<1667,$D$3=20),'แบตเตอรีไฟฟ้า (ปี)'!Q5,IF(AND($D$2>=1667,$D$4<170000),0,IF(AND($D$2>=1667,$D$4<340000),'แบตเตอรีรถไฟฟ้า(ระยะทาง)'!R5,IF(AND($D$2>=1667,$D$4<510000),'แบตเตอรีรถไฟฟ้า(ระยะทาง)'!AI5,))))))))))))))))))))))) -> 0 | K8: =IF(AND($D$2<1667,$D$3=1),'ค่าบำรุงรักษา(ปี)'!F5,IF(AND($D$2<1667,$D$3=2),'ค่าบำรุงรักษา(ปี)'!J5,IF(AND($D$2<1667,$D$3=3),'ค่าบำรุงรักษา(ปี)'!N5,IF(AND($D$2<1667,$D$3=4),'ค่าบำรุงรักษา(ปี)'!R5,IF(AND($D$2<1667,$D$3=5),'ค่าบำรุงรักษา(ปี)'!V5,IF(AND($D$2<1667,$D$3=6),'ค่าบำรุงรักษา(ปี)'!Z5,IF(AND($D$2<1667,$D$3=7),'ค่าบำรุงรักษา(ปี)'!AD5,IF(AND($D$2<1667,$D$3=8),'ค่าบำรุงรักษา(ปี)'!AH5,IF(AND($D$2<1667,$D$3=9),'ค่าบำรุงรักษา(ปี)'!AL5,IF(AND($D$2<1667,$D$3=10),'ค่าบำรุงรักษา(ปี)'!AP5,IF(AND($D$2<1667,$D$3=11),'ค่าบำรุงรักษา(ปี)'!AT5,IF(AND($D$2<1667,$D$3=12),'ค่าบำรุงรักษา(ปี)'!AX5,IF(AND($D$2<1667,$D$3=13),'ค่าบำรุงรักษา(ปี)'!BB5,IF(AND($D$2<1667,$D$3=14),'ค่าบำรุงรักษา(ปี)'!BF5,IF(AND($D$2<1667,$D$3=15),'ค่าบำรุงรักษา(ปี)'!BJ5,IF(AND($D$2<1667,$D$3=16),'ค่าบำรุงรักษา(ปี)'!BN5,IF(AND($D$2<1667,$D$3=17),'ค่าบำรุงรักษา(ปี)'!BR5,IF(AND($D$2<1667,$D$3=18),'ค่าบำรุงรักษา(ปี)'!BV5,IF(AND($D$2<1667,$D$3=19),'ค่าบำรุงรักษา(ปี)'!BZ5,IF(AND($D$2<1667,$D$3=20),'ค่าบำรุงรักษา(ปี)'!CD5,IF(AND($D$2>=1667,$D$4<30000),'ค่าบำรุงรักษา (ระยะทาง)'!G5,IF(AND($D$2>=1667,$D$4<40000),'ค่าบำรุงรักษา (ระยะทาง)'!I5,IF(AND($D$2>=1667,$D$4<50000),'ค่าบำรุงรักษา (ระยะทาง)'!K5,IF(AND($D$2>=1667,$D$4<60000),'ค่าบำรุงรักษา (ระยะทาง)'!M5,IF(AND($D$2>=1667,$D$4<70000),'ค่าบำรุงรักษา (ระยะทาง)'!O5,IF(AND($D$2>=1667,$D$4<80000),'ค่าบำรุงรักษา (ระยะทาง)'!Q5,IF(AND($D$2>=1667,$D$4<90000),'ค่าบำรุงรักษา (ระยะทาง)'!S5,IF(AND($D$2>=1667,$D$4<100000),'ค่าบำรุงรักษา (ระยะทาง)'!U5,IF(AND($D$2>=1667,$D$4<110000),'ค่าบำรุงรักษา (ระยะทาง)'!W5,IF(AND($D$2>=1667,$D$4<120000),'ค่าบำรุงรักษา (ระยะทาง)'!Y5,IF(AND($D$2>=1667,$D$4<130000),'ค่าบำรุงรักษา (ระยะทาง)'!AA5,IF(AND($D$2>=1667,$D$4<140000),'ค่าบำรุงรักษา (ระยะทาง)'!AC5,IF(AND($D$2>=1667,$D$4<150000),'ค่าบำรุงรักษา (ระยะทาง)'!AE5,IF(AND($D$2>=1667,$D$4<160000),'ค่าบำรุงรักษา (ระยะทาง)'!AG5,IF(AND($D$2>=1667,$D$4<170000),'ค่าบำรุงรักษา (ระยะทาง)'!AI5,IF(AND($D$2>=1667,$D$4<180000),'ค่าบำรุงรักษา (ระยะทาง)'!AK5,IF(AND($D$2>=1667,$D$4<190000),'ค่าบำรุงรักษา (ระยะทาง)'!AM5,IF(AND($D$2>=1667,$D$4<200000),'ค่าบำรุงรักษา (ระยะทาง)'!AO5,IF(AND($D$2>=1667,$D$4<210000),'ค่าบำรุงรักษา (ระยะทาง)'!AQ5,IF(AND($D$2>=1667,$D$4<220000),'ค่าบำรุงรักษา (ระยะทาง)'!AS5,IF(AND($D$2>=1667,$D$4<220000),'ค่าบำรุงรักษา (ระยะทาง)'!AU5,IF(AND($D$2>=1667,$D$4<240000),'ค่าบำรุงรักษา (ระยะทาง)'!AW5,IF(AND($D$2>=1667,$D$4<250000),'ค่าบำรุงรักษา (ระยะทาง)'!AY5,IF(AND($D$2>=1667,$D$4<260000),'ค่าบำรุงรักษา (ระยะทาง)'!BA5,IF(AND($D$2>=1667,$D$4<270000),'ค่าบำรุงรักษา (ระยะทาง)'!BC5,IF(AND($D$2>=1667,$D$4<280000),'ค่าบำรุงรักษา (ระยะทาง)'!BE5,IF(AND($D$2>=1667,$D$4<290000),'ค่าบำรุงรักษา (ระยะทาง)'!BG5,IF(AND($D$2>=1667,$D$4<300000),'ค่าบำรุงรักษา (ระยะทาง)'!BH3,IF(AND($D$2>=1667,$D$4<310000),'ค่าบำรุงรักษา (ระยะทาง)'!BK5,IF(AND($D$2>=1667,$D$4<320000),'ค่าบำรุงรักษา (ระยะทาง)'!BM5,IF(AND($D$2>=1667,$D$4<330000),'ค่าบำรุงรักษา (ระยะทาง)'!BO5,IF(AND($D$2>=1667,$D$4<340000),'ค่าบำรุงรักษา (ระยะทาง)'!BQ5,IF(AND($D$2>=1667,$D$4<350000),'ค่าบำรุงรักษา (ระยะทาง)'!BS5,IF(AND($D$2>=1667,$D$4<370000),'ค่าบำรุงรักษา (ระยะทาง)'!BW5,IF(AND($D$2>=1667,$D$4<380000),'ค่าบำรุงรักษา (ระยะทาง)'!BY5,IF(AND($D$2>=1667,$D$4<390000),'ค่าบำรุงรักษา (ระยะทาง)'!CA5,IF(AND($D$2>=1667,$D$4<400000),'ค่าบำรุงรักษา (ระยะทาง)'!CC5,IF(AND($D$2>=1667,$D$4<430000),'ค่าบำรุงรักษา (ระยะทาง)'!CI5,IF(AND($D$2>=1667,$D$4<440000),'ค่าบำรุงรักษา (ระยะทาง)'!CK5,IF(AND($D$2>=1667,$D$4<450000),'ค่าบำรุงรักษา (ระยะทาง)'!CM5,IF(AND($D$2>=1667,$D$4<460000),'ค่าบำรุงรักษา (ระยะทาง)'!CO5,IF(AND($D$2>=1667,$D$4<470000),'ค่าบำรุงรักษา (ระยะทาง)'!CQ5,IF(AND($D$2>=1667,$D$4<480000),'ค่าบำรุงรักษา (ระยะทาง)'!CS5,IF(AND($D$2>=1667,$D$4<490000),'ค่าบำรุงรักษา (ระยะทาง)'!CU5)))))))))))))))))))))))))))))))))))))))))))))))))))))))))))))))) -> 6000 | L8: =$D$4*$I$3/B8 -> 55737.931 | M8: =C8+(E8+F8+G8)+(H8+I8)+J8+K8+L8 -> 1565857.1
A9: Altis 1.8G | B9: =ค่าพลังงาน!B8 -> 16.5 | C9: =ราคาเริ่มต้น!B6 -> 909000 | D9: =IF($D$3=1,ราคาเริ่มต้น!D6,IF($D$3=2,ราคาเริ่มต้น!E6,IF($D$3=3,ราคาเริ่มต้น!F6,IF($D$3=4,ราคาเริ่มต้น!G6,IF($D$3=5,ราคาเริ่มต้น!H6,IF($D$3=6,ราคาเริ่มต้น!I6,IF($D$3=7,ราคาเริ่มต้น!J6,IF($D$3=8,ราคาเริ่มต้น!K6,IF($D$3=9,ราคาเริ่มต้น!L6,IF($D$3=10,ราคาเริ่มต้น!M6,IF($D$3=11,ราคาเริ่มต้น!N6,IF($D$3=12,ราคาเริ่มต้น!O6,IF($D$3=13,ราคาเริ่มต้น!P6,IF($D$3=14,ราคาเริ่มต้น!Q6,IF($D$3=15,ราคาเริ่มต้น!R6,IF($D$3=16,ราคาเริ่มต้น!S6,IF($D$3=17,ราคาเริ่มต้น!T6,IF($D$3=18,ราคาเริ่มต้น!U6,IF($D$3=19,ราคาเริ่มต้น!V6,IF($D$3=20,ราคาเริ่มต้น!W6)))))))))))))))))))) -> 772650 | E9: =IF($D$3=1,ภาษีประจำปี!C6,IF($D$3=2,ภาษีประจำปี!E6,IF($D$3=3,ภาษีประจำปี!F6,IF($D$3=4,ภาษีประจำปี!I6,IF($D$3=5,ภาษีประจำปี!K6,IF($D$3=6,ภาษีประจำปี!M6,IF($D$3=7,ภาษีประจำปี!O6,IF($D$3=8,ภาษีประจำปี!Q6,IF($D$3=9,ภาษีประจำปี!S6,IF($D$3=10,ภาษีประจำปี!U6,IF($D$3=11,ภาษีประจำปี!W6,IF($D$3=12,ภาษีประจำปี!Y6,IF($D$3=13,ภาษีประจำปี!AA6,IF($D$3=14,ภาษีประจำปี!AC6,IF($D$3=15,ภาษีประจำปี!AE6,IF($D$3=16,ภาษีประจำปี!AG6,IF($D$3=17,ภาษีประจำปี!AI6,IF($D$3=18,ภาษีประจำปี!AK6,IF($D$3=19,ภาษีประจำปี!AM6,IF($D$3=20,ภาษีประจำปี!AO6)))))))))))))))))))) -> 2250 | F9: =IF($D$3=1,ประกันภัยบังคับ!B6,IF($D$3=2,ประกันภัยบังคับ!C6,IF($D$3=3,ประกันภัยบังคับ!D6,IF($D$3=4,ประกันภัยบังคับ!E6,IF($D$3=5,ประกันภัยบังคับ!F6,IF($D$3=6,ประกันภัยบังคับ!G6,IF($D$3=7,ประกันภัยบังคับ!H6,IF($D$3=8,ประกันภัยบังคับ!I6,IF($D$3=9,ประกันภัยบังคับ!J6,IF($D$3=10,ประกันภัยบังคับ!K6,IF($D$3=11,ประกันภัยบังคับ!L6,IF($D$3=12,ประกันภัยบังคับ!M6,IF($D$3=13,ประกันภัยบังคับ!N6,IF($D$3=14,ประกันภัยบังคับ!O6,IF($D$3=15,ประกันภัยบังคับ!P6,IF($D$3=16,ประกันภัยบังคับ!Q6,IF($D$3=17,ประกันภัยบังคับ!R6,IF($D$3=18,ประกันภัยบังคับ!S6,IF($D$3=19,ประกันภัยบังคับ!T6,IF($D$3=20,ประกันภัยบังคับ!U6)))))))))))))))))))) -> 645.21 | G9: =IF($D$3=1,ประกันภัยชั้น1!C6,IF($D$3=2,ประกันภัยชั้น1!E6,IF($D$3=3,ประกันภัยชั้น1!G6,IF($D$3=4,ประกันภัยชั้น1!I6,IF($D$3=5,ประกันภัยชั้น1!K6,IF($D$3=6,ประกันภัยชั้น1!M6,IF($D$3=7,ประกันภัยชั้น1!O6,IF($D$3=8,ประกันภัยชั้น1!Q6,IF($D$3=9,ประกันภัยชั้น1!S6,IF($D$3=10,ประกันภัยชั้น1!U6,IF($D$3=11,ประกันภัยชั้น1!W6,IF($D$3=12,ประกันภัยชั้น1!Y6,IF($D$3=13,ประกันภัยชั้น1!AA6,IF($D$3=14,ประกันภัยชั้น1!AC6,IF($D$3=15,ประกันภัยชั้น1!AE6,IF($D$3=16,ประกันภัยชั้น1!AG6,IF($D$3=17,ประกันภัยชั้น1!AI6,IF($D$3=18,ประกันภัยชั้น1!AK6,IF($D$3=19,ประกันภัยชั้น1!AM6,IF($D$3=20,ประกันภัยชั้น1!AO6)))))))))))))))))))) -> 22817 | H9: =IF(AND($D$2<1667,$D$3=1),'ยางรถ (ปี)'!B8,IF(AND($D$2<1667,$D$3=2),'ยางรถ (ปี)'!C8,IF(AND($D$2<1667,$D$3=3),'ยางรถ (ปี)'!D8,IF(AND($D$2<1667,$D$3=4),'ยางรถ (ปี)'!D8,IF(AND($D$2<1667,$D$3=5),'ยางรถ (ปี)'!D8,IF(AND($D$2<1667,$D$3=6),'ยางรถ (ปี)'!G8,IF(AND($D$2<1667,$D$3=7),'ยางรถ (ปี)'!G8,IF(AND($D$2<1667,$D$3=8),'ยางรถ (ปี)'!G8,IF(AND($D$2<1667,$D$3=9),'ยางรถ (ปี)'!J8,IF(AND($D$2<1667,$D$3=10),'ยางรถ (ปี)'!J8,IF(AND($D$2<1667,$D$3=11),'ยางรถ (ปี)'!J8,IF(AND($D$2<1667,$D$3=12),'ยางรถ (ปี)'!M8,IF(AND($D$2<1667,$D$3=13),'ยางรถ (ปี)'!M8,IF(AND($D$2<1667,$D$3=14),'ยางรถ (ปี)'!M8,IF(AND($D$2<1667,$D$3=15),'ยางรถ (ปี)'!P8,IF(AND($D$2<1667,$D$3=16),'ยางรถ (ปี)'!P8,IF(AND($D$2<1667,$D$3=17),'ยางรถ (ปี)'!P8,IF(AND($D$2<1667,$D$3=18),'ยางรถ (ปี)'!S8,IF(AND($D$2<1667,$D$3=19),'ยางรถ (ปี)'!S8,IF(AND($D$2<1667,$D$3=20),'ยางรถ (ปี)'!S8,IF(AND($D$2<1667,$D$3=21),'ยางรถ (ปี)'!V8,IF(AND($D$2>=1667,$D$4<50000),0,IF(AND($D$2>=1667, $D$4<100000),'ยางรถ(ระยะทาง)'!G6,IF(AND($D$2>=1667, $D$4<150000),'ยางรถ(ระยะทาง)'!S7,IF(AND($D$2>=1667, $D$4<200000),'ยางรถ(ระยะทาง)'!S6,IF(AND($D$2>=1667, $D$4<250000),'ยางรถ(ระยะทาง)'!Y6,IF(AND($D$2>=1667, $D$4<300000),'ยางรถ(ระยะทาง)'!AF6,IF(AND($D$2>=1667, $D$4<350000),'ยางรถ(ระยะทาง)'!AL6,IF(AND($D$2>=1667, $D$4<400000),'ยางรถ(ระยะทาง)'!AR6,IF(AND($D$2>=1667, $D$4<450000),'ยางรถ(ระยะทาง)'!AX6,IF(AND($D$2>=1667, $D$4<500000),'ยางรถ(ระยะทาง)'!BD6,IF(AND($D$2>=1667, $D$4<550000),'ยางรถ(ระยะทาง)'!BJ6,IF(AND($D$2>=1667, $D$4<600000),'ยางรถ(ระยะทาง)'!BL6,IF(AND($D$2>=1667, $D$4<650000),'ยางรถ(ระยะทาง)'!BN6,IF(AND($D$2>=1667, $D$4<700000),'ยางรถ(ระยะทาง)'!BP6,IF(AND($D$2>=1667, $D$4<750000),'ยางรถ(ระยะทาง)'!BR6,IF(AND($D$2>=1667, $D$4<800000),'ยางรถ(ระยะทาง)'!BV6))))))))))))))))))))))))))))))))))))) -> 0 | I9: =IF(AND($D$2<1667,$D$3=1),'แบตเตอร์รี่ (ปี)'!B6,IF(AND($D$2<1667,$D$3=2),'แบตเตอร์รี่ (ปี)'!C6,IF(AND($D$2<1667,$D$3=3),'แบตเตอร์รี่ (ปี)'!C6,IF(AND($D$2<1667,$D$3=4),'แบตเตอร์รี่ (ปี)'!E6,IF(AND($D$2<1667,$D$3=5),'แบตเตอร์รี่ (ปี)'!E6,IF(AND($D$2<1667,$D$3=6),'แบตเตอร์รี่ (ปี)'!G6,IF(AND($D$2<1667,$D$3=7),'แบตเตอร์รี่ (ปี)'!G6,IF(AND($D$2<1667,$D$3=8),'แบตเตอร์รี่ (ปี)'!I6,IF(AND($D$2<1667,$D$3=9),'แบตเตอร์รี่ (ปี)'!I6,IF(AND($D$2<1667,$D$3=10),'แบตเตอร์รี่ (ปี)'!K6,IF(AND($D$2<1667,$D$3=11),'แบตเตอร์รี่ (ปี)'!K6,IF(AND($D$2<1667,$D$3=12),'แบตเตอร์รี่ (ปี)'!M6,IF(AND($D$2<1667,$D$3=13),'แบตเตอร์รี่ (ปี)'!M6,IF(AND($D$2<1667,$D$3=14),'แบตเตอร์รี่ (ปี)'!O6,IF(AND($D$2<1667,$D$3=15),'แบตเตอร์รี่ (ปี)'!O6,IF(AND($D$2<1667,$D$3=16),'แบตเตอร์รี่ (ปี)'!Q6,IF(AND($D$2<1667,$D$3=17),'แบตเตอร์รี่ (ปี)'!Q6,IF(AND($D$2<1667,$D$3=18),'แบตเตอร์รี่ (ปี)'!S6,IF(AND($D$2<1667,$D$3=19),'แบตเตอร์รี่ (ปี)'!S6,IF(AND($D$2<1667,$D$3=20),'แบตเตอร์รี่ (ปี)'!U6,IF(AND($D$2>=1667,$D$4<40000),0,IF(AND($D$2>=1667,$D$4<80000),'แบตเตอรี(ระยะทาง) '!E6,IF(AND($D$2>=1667,$D$4<120000),'แบตเตอรี(ระยะทาง) '!I6,IF(AND($D$2>=1667,$D$4<160000),'แบตเตอรี(ระยะทาง) '!M6,IF(AND($D$2>=1667,$D$4<200000),'แบตเตอรี(ระยะทาง) '!Q6,IF(AND($D$2>=1667,$D$4<240000),'แบตเตอรี(ระยะทาง) '!E6,IF(AND($D$2>=1667,$D$4<280000),'แบตเตอรี(ระยะทาง) '!Y6,IF(AND($D$2>=1667,$D$4<320000),'แบตเตอรี(ระยะทาง) '!AC6,IF(AND($D$2>=1667,$D$4<360000),'แบตเตอรี(ระยะทาง) '!AG6,IF(AND($D$2>=1667,$D$4<400000),'แบตเตอรี(ระยะทาง) '!AK6,IF(AND($D$2>=1667,$D$4<440000),'แบตเตอรี(ระยะทาง) '!AO6,IF(AND($D$2>=1667,$D$4<480000),'แบตเตอรี(ระยะทาง) '!AS6,IF(AND($D$2>=1667,$D$4<50000),'แบตเตอรี(ระยะทาง) '!AW6,))))))))))))))))))))))))))))))))) -> 0 | J9: =IF(AND($D$2<1667,$D$3=1),'แบตเตอรีไฟฟ้า (ปี)'!B6,IF(AND($D$2<1667,$D$3=2),'แบตเตอรีไฟฟ้า (ปี)'!C6,IF(AND($D$2<1667,$D$3=3),'แบตเตอรีไฟฟ้า (ปี)'!D6,IF(AND($D$2<1667,$D$3=4),'แบตเตอรีไฟฟ้า (ปี)'!E6,IF(AND($D$2<1667,$D$3=5),'แบตเตอรีไฟฟ้า (ปี)'!F6,IF(AND($D$2<1667,$D$3=6),'แบตเตอรีไฟฟ้า (ปี)'!G6,IF(AND($D$2<1667,$D$3=7),'แบตเตอรีไฟฟ้า (ปี)'!H6,IF(AND($D$2<1667,$D$3=8),'แบตเตอรีไฟฟ้า (ปี)'!I6,IF(AND($D$2<1667,$D$3=9),'แบตเตอรีไฟฟ้า (ปี)'!I6,IF(AND($D$2<1667,$D$3=10),'แบตเตอรีไฟฟ้า (ปี)'!K6,IF(AND($D$2<1667,$D$3=11),'แบตเตอรีไฟฟ้า (ปี)'!I6,IF(AND($D$2<1667,$D$3=12),'แบตเตอรีไฟฟ้า (ปี)'!I6,IF(AND($D$2<1667,$D$3=13),'แบตเตอรีไฟฟ้า (ปี)'!I6,IF(AND($D$2<1667,$D$3=14),'แบตเตอรีไฟฟ้า (ปี)'!I6,IF(AND($D$2<1667,$D$3=15),'แบตเตอรีไฟฟ้า (ปี)'!I6,IF(AND($D$2<1667,$D$3=16),'แบตเตอรีไฟฟ้า (ปี)'!Q6,IF(AND($D$2<1667,$D$3=17),'แบตเตอรีไฟฟ้า (ปี)'!Q6,IF(AND($D$2<1667,$D$3=18),'แบตเตอรีไฟฟ้า (ปี)'!Q6,IF(AND($D$2<1667,$D$3=19),'แบตเตอรีไฟฟ้า (ปี)'!Q6,IF(AND($D$2<1667,$D$3=20),'แบตเตอรีไฟฟ้า (ปี)'!Q6,IF(AND($D$2>=1667,$D$4<170000),0,IF(AND($D$2>=1667,$D$4<340000),'แบตเตอรีรถไฟฟ้า(ระยะทาง)'!R6,IF(AND($D$2>=1667,$D$4<510000),'แบตเตอรีรถไฟฟ้า(ระยะทาง)'!AI6,))))))))))))))))))))))) -> 0 | K9: =IF(AND($D$2<1667,$D$3=1),'ค่าบำรุงรักษา(ปี)'!F6,IF(AND($D$2<1667,$D$3=2),'ค่าบำรุงรักษา(ปี)'!J6,IF(AND($D$2<1667,$D$3=3),'ค่าบำรุงรักษา(ปี)'!N6,IF(AND($D$2<1667,$D$3=4),'ค่าบำรุงรักษา(ปี)'!R6,IF(AND($D$2<1667,$D$3=5),'ค่าบำรุงรักษา(ปี)'!V6,IF(AND($D$2<1667,$D$3=6),'ค่าบำรุงรักษา(ปี)'!Z6,IF(AND($D$2<1667,$D$3=7),'ค่าบำรุงรักษา(ปี)'!AD6,IF(AND($D$2<1667,$D$3=8),'ค่าบำรุงรักษา(ปี)'!AH6,IF(AND($D$2<1667,$D$3=9),'ค่าบำรุงรักษา(ปี)'!AL6,IF(AND($D$2<1667,$D$3=10),'ค่าบำรุงรักษา(ปี)'!AP6,IF(AND($D$2<1667,$D$3=11),'ค่าบำรุงรักษา(ปี)'!AT6,IF(AND($D$2<1667,$D$3=12),'ค่าบำรุงรักษา(ปี)'!AX6,IF(AND($D$2<1667,$D$3=13),'ค่าบำรุงรักษา(ปี)'!BB6,IF(AND($D$2<1667,$D$3=14),'ค่าบำรุงรักษา(ปี)'!BF6,IF(AND($D$2<1667,$D$3=15),'ค่าบำรุงรักษา(ปี)'!BJ6,IF(AND($D$2<1667,$D$3=16),'ค่าบำรุงรักษา(ปี)'!BN6,IF(AND($D$2<1667,$D$3=17),'ค่าบำรุงรักษา(ปี)'!BR6,IF(AND($D$2<1667,$D$3=18),'ค่าบำรุงรักษา(ปี)'!BV6,IF(AND($D$2<1667,$D$3=19),'ค่าบำรุงรักษา(ปี)'!BZ6,IF(AND($D$2<1667,$D$3=20),'ค่าบำรุงรักษา(ปี)'!CD6,IF(AND($D$2>=1667,$D$4<30000),'ค่าบำรุงรักษา (ระยะทาง)'!G6,IF(AND($D$2>=1667,$D$4<40000),'ค่าบำรุงรักษา (ระยะทาง)'!I6,IF(AND($D$2>=1667,$D$4<50000),'ค่าบำรุงรักษา (ระยะทาง)'!K6,IF(AND($D$2>=1667,$D$4<60000),'ค่าบำรุงรักษา (ระยะทาง)'!M6,IF(AND($D$2>=1667,$D$4<70000),'ค่าบำรุงรักษา (ระยะทาง)'!O6,IF(AND($D$2>=1667,$D$4<80000),'ค่าบำรุงรักษา (ระยะทาง)'!Q6,IF(AND($D$2>=1667,$D$4<90000),'ค่าบำรุงรักษา (ระยะทาง)'!S6,IF(AND($D$2>=1667,$D$4<100000),'ค่าบำรุงรักษา (ระยะทาง)'!U6,IF(AND($D$2>=1667,$D$4<110000),'ค่าบำรุงรักษา (ระยะทาง)'!W6,IF(AND($D$2>=1667,$D$4<120000),'ค่าบำรุงรักษา (ระยะทาง)'!Y6,IF(AND($D$2>=1667,$D$4<130000),'ค่าบำรุงรักษา (ระยะทาง)'!AA6,IF(AND($D$2>=1667,$D$4<140000),'ค่าบำรุงรักษา (ระยะทาง)'!AC6,IF(AND($D$2>=1667,$D$4<150000),'ค่าบำรุงรักษา (ระยะทาง)'!AE6,IF(AND($D$2>=1667,$D$4<160000),'ค่าบำรุงรักษา (ระยะทาง)'!AG6,IF(AND($D$2>=1667,$D$4<170000),'ค่าบำรุงรักษา (ระยะทาง)'!AI6,IF(AND($D$2>=1667,$D$4<180000),'ค่าบำรุงรักษา (ระยะทาง)'!AK6,IF(AND($D$2>=1667,$D$4<190000),'ค่าบำรุงรักษา (ระยะทาง)'!AM6,IF(AND($D$2>=1667,$D$4<200000),'ค่าบำรุงรักษา (ระยะทาง)'!AO6,IF(AND($D$2>=1667,$D$4<210000),'ค่าบำรุงรักษา (ระยะทาง)'!AQ6,IF(AND($D$2>=1667,$D$4<220000),'ค่าบำรุงรักษา (ระยะทาง)'!AS6,IF(AND($D$2>=1667,$D$4<220000),'ค่าบำรุงรักษา (ระยะทาง)'!AU6,IF(AND($D$2>=1667,$D$4<240000),'ค่าบำรุงรักษา (ระยะทาง)'!AW6,IF(AND($D$2>=1667,$D$4<250000),'ค่าบำรุงรักษา (ระยะทาง)'!AY6,IF(AND($D$2>=1667,$D$4<260000),'ค่าบำรุงรักษา (ระยะทาง)'!BA6,IF(AND($D$2>=1667,$D$4<270000),'ค่าบำรุงรักษา (ระยะทาง)'!BC6,IF(AND($D$2>=1667,$D$4<280000),'ค่าบำรุงรักษา (ระยะทาง)'!BE6,IF(AND($D$2>=1667,$D$4<290000),'ค่าบำรุงรักษา (ระยะทาง)'!BG6,IF(AND($D$2>=1667,$D$4<300000),'ค่าบำรุงรักษา (ระยะทาง)'!BH4,IF(AND($D$2>=1667,$D$4<310000),'ค่าบำรุงรักษา (ระยะทาง)'!BK6,IF(AND($D$2>=1667,$D$4<320000),'ค่าบำรุงรักษา (ระยะทาง)'!BM6,IF(AND($D$2>=1667,$D$4<330000),'ค่าบำรุงรักษา (ระยะทาง)'!BO6,IF(AND($D$2>=1667,$D$4<340000),'ค่าบำรุงรักษา (ระยะทาง)'!BQ6,IF(AND($D$2>=1667,$D$4<350000),'ค่าบำรุงรักษา (ระยะทาง)'!BS6,IF(AND($D$2>=1667,$D$4<370000),'ค่าบำรุงรักษา (ระยะทาง)'!BW6,IF(AND($D$2>=1667,$D$4<380000),'ค่าบำรุงรักษา (ระยะทาง)'!BY6,IF(AND($D$2>=1667,$D$4<390000),'ค่าบำรุงรักษา (ระยะทาง)'!CA6,IF(AND($D$2>=1667,$D$4<400000),'ค่าบำรุงรักษา (ระยะทาง)'!CC6,IF(AND($D$2>=1667,$D$4<430000),'ค่าบำรุงรักษา (ระยะทาง)'!CI6,IF(AND($D$2>=1667,$D$4<440000),'ค่าบำรุงรักษา (ระยะทาง)'!CK6,IF(AND($D$2>=1667,$D$4<450000),'ค่าบำรุงรักษา (ระยะทาง)'!CM6,IF(AND($D$2>=1667,$D$4<460000),'ค่าบำรุงรักษา (ระยะทาง)'!CO6,IF(AND($D$2>=1667,$D$4<470000),'ค่าบำรุงรักษา (ระยะทาง)'!CQ6,IF(AND($D$2>=1667,$D$4<480000),'ค่าบำรุงรักษา (ระยะทาง)'!CS6,IF(AND($D$2>=1667,$D$4<490000),'ค่าบำรุงรักษา (ระยะทาง)'!CU6)))))))))))))))))))))))))))))))))))))))))))))))))))))))))))))))) -> 5000 | L9: =$D$4*$I$3/B9 -> 48981.818 | M9: =C9+(E9+F9+G9)+(H9+I9)+J9+K9+L9 -> 988694.03
A10: Honda Civic | B10: =ค่าพลังงาน!B9 -> 15.5 | C10: =ราคาเริ่มต้น!B7 -> 1039000 | D10: =IF($D$3=1,ราคาเริ่มต้น!D7,IF($D$3=2,ราคาเริ่มต้น!E7,IF($D$3=3,ราคาเริ่มต้น!F7,IF($D$3=4,ราคาเริ่มต้น!G7,IF($D$3=5,ราคาเริ่มต้น!H7,IF($D$3=6,ราคาเริ่มต้น!I7,IF($D$3=7,ราคาเริ่มต้น!J7,IF($D$3=8,ราคาเริ่มต้น!K7,IF($D$3=9,ราคาเริ่มต้น!L7,IF($D$3=10,ราคาเริ่มต้น!M7,IF($D$3=11,ราคาเริ่มต้น!N7,IF($D$3=12,ราคาเริ่มต้น!O7,IF($D$3=13,ราคาเริ่มต้น!P7,IF($D$3=14,ราคาเริ่มต้น!Q7,IF($D$3=15,ราคาเริ่มต้น!R7,IF($D$3=16,ราคาเริ่มต้น!S7,IF($D$3=17,ราคาเริ่มต้น!T7,IF($D$3=18,ราคาเริ่มต้น!U7,IF($D$3=19,ราคาเริ่มต้น!V7,IF($D$3=20,ราคาเริ่มต้น!W7)))))))))))))))))))) -> 862370 | E10: =IF($D$3=1,ภาษีประจำปี!C7,IF($D$3=2,ภาษีประจำปี!E7,IF($D$3=3,ภาษีประจำปี!F7,IF($D$3=4,ภาษีประจำปี!I7,IF($D$3=5,ภาษีประจำปี!K7,IF($D$3=6,ภาษีประจำปี!M7,IF($D$3=7,ภาษีประจำปี!O7,IF($D$3=8,ภาษีประจำปี!Q7,IF($D$3=9,ภาษีประจำปี!S7,IF($D$3=10,ภาษีประจำปี!U7,IF($D$3=11,ภาษีประจำปี!W7,IF($D$3=12,ภาษีประจำปี!Y7,IF($D$3=13,ภาษีประจำปี!AA7,IF($D$3=14,ภาษีประจำปี!AC7,IF($D$3=15,ภาษีประจำปี!AE7,IF($D$3=16,ภาษีประจำปี!AG7,IF($D$3=17,ภาษีประจำปี!AI7,IF($D$3=18,ภาษีประจำปี!AK7,IF($D$3=19,ภาษีประจำปี!AM7,IF($D$3=20,ภาษีประจำปี!AO7)))))))))))))))))))) -> 1647 | F10: =IF($D$3=1,ประกันภัยบังคับ!B7,IF($D$3=2,ประกันภัยบังคับ!C7,IF($D$3=3,ประกันภัยบังคับ!D7,IF($D$3=4,ประกันภัยบังคับ!E7,IF($D$3=5,ประกันภัยบังคับ!F7,IF($D$3=6,ประกันภัยบังคับ!G7,IF($D$3=7,ประกันภัยบังคับ!H7,IF($D$3=8,ประกันภัยบังคับ!I7,IF($D$3=9,ประกันภัยบังคับ!J7,IF($D$3=10,ประกันภัยบังคับ!K7,IF($D$3=11,ประกันภัยบังคับ!L7,IF($D$3=12,ประกันภัยบังคับ!M7,IF($D$3=13,ประกันภัยบังคับ!N7,IF($D$3=14,ประกันภัยบังคับ!O7,IF($D$3=15,ประกันภัยบังคับ!P7,IF($D$3=16,ประกันภัยบังคับ!Q7,IF($D$3=17,ประกันภัยบังคับ!R7,IF($D$3=18,ประกันภัยบังคับ!S7,IF($D$3=19,ประกันภัยบังคับ!T7,IF($D$3=20,ประกันภัยบังคับ!U7)))))))))))))))))))) -> 645.21 | G10: =IF($D$3=1,ประกันภัยชั้น1!C7,IF($D$3=2,ประกันภัยชั้น1!E7,IF($D$3=3,ประกันภัยชั้น1!G7,IF($D$3=4,ประกันภัยชั้น1!I7,IF($D$3=5,ประกันภัยชั้น1!K7,IF($D$3=6,ประกันภัยชั้น1!M7,IF($D$3=7,ประกันภัยชั้น1!O7,IF($D$3=8,ประกันภัยชั้น1!Q7,IF($D$3=9,ประกันภัยชั้น1!S7,IF($D$3=10,ประกันภัยชั้น1!U7,IF($D$3=11,ประกันภัยชั้น1!W7,IF($D$3=12,ประกันภัยชั้น1!Y7,IF($D$3=13,ประกันภัยชั้น1!AA7,IF($D$3=14,ประกันภัยชั้น1!AC7,IF($D$3=15,ประกันภัยชั้น1!AE7,IF($D$3=16,ประกันภัยชั้น1!AG7,IF($D$3=17,ประกันภัยชั้น1!AI7,IF($D$3=18,ประกันภัยชั้น1!AK7,IF($D$3=19,ประกันภัยชั้น1!AM7,IF($D$3=20,ประกันภัยชั้น1!AO7)))))))))))))))))))) -> 24500 | H10: =IF(AND($D$2<1667,$D$3=1),'ยางรถ (ปี)'!B9,IF(AND($D$2<1667,$D$3=2),'ยางรถ (ปี)'!C9,IF(AND($D$2<1667,$D$3=3),'ยางรถ (ปี)'!D9,IF(AND($D$2<1667,$D$3=4),'ยางรถ (ปี)'!D9,IF(AND($D$2<1667,$D$3=5),'ยางรถ (ปี)'!D9,IF(AND($D$2<1667,$D$3=6),'ยางรถ (ปี)'!G9,IF(AND($D$2<1667,$D$3=7),'ยางรถ (ปี)'!G9,IF(AND($D$2<1667,$D$3=8),'ยางรถ (ปี)'!G9,IF(AND($D$2<1667,$D$3=9),'ยางรถ (ปี)'!J9,IF(AND($D$2<1667,$D$3=10),'ยางรถ (ปี)'!J9,IF(AND($D$2<1667,$D$3=11),'ยางรถ (ปี)'!J9,IF(AND($D$2<1667,$D$3=12),'ยางรถ (ปี)'!M9,IF(AND($D$2<1667,$D$3=13),'ยางรถ (ปี)'!M9,IF(AND($D$2<1667,$D$3=14),'ยางรถ (ปี)'!M9,IF(AND($D$2<1667,$D$3=15),'ยางรถ (ปี)'!P9,IF(AND($D$2<1667,$D$3=16),'ยางรถ (ปี)'!P9,IF(AND($D$2<1667,$D$3=17),'ยางรถ (ปี)'!P9,IF(AND($D$2<1667,$D$3=18),'ยางรถ (ปี)'!S9,IF(AND($D$2<1667,$D$3=19),'ยางรถ (ปี)'!S9,IF(AND($D$2<1667,$D$3=20),'ยางรถ (ปี)'!S9,IF(AND($D$2<1667,$D$3=21),'ยางรถ (ปี)'!V9,IF(AND($D$2>=1667,$D$4<50000),0,IF(AND($D$2>=1667, $D$4<100000),'ยางรถ(ระยะทาง)'!G7,IF(AND($D$2>=1667, $D$4<150000),'ยางรถ(ระยะทาง)'!M7,IF(AND($D$2>=1667, $D$4<200000),'ยางรถ(ระยะทาง)'!S7,IF(AND($D$2>=1667, $D$4<250000),'ยางรถ(ระยะทาง)'!Y7,IF(AND($D$2>=1667, $D$4<300000),'ยางรถ(ระยะทาง)'!AF7,IF(AND($D$2>=1667, $D$4<350000),'ยางรถ(ระยะทาง)'!AL7,IF(AND($D$2>=1667, $D$4<400000),'ยางรถ(ระยะทาง)'!AR7,IF(AND($D$2>=1667, $D$4<450000),'ยางรถ(ระยะทาง)'!AX7,IF(AND($D$2>=1667, $D$4<500000),'ยางรถ(ระยะทาง)'!BD7,IF(AND($D$2>=1667, $D$4<550000),'ยางรถ(ระยะทาง)'!BJ7,IF(AND($D$2>=1667, $D$4<600000),'ยางรถ(ระยะทาง)'!BL7,IF(AND($D$2>=1667, $D$4<650000),'ยางรถ(ระยะทาง)'!BN7,IF(AND($D$2>=1667, $D$4<700000),'ยางรถ(ระยะทาง)'!BP7,IF(AND($D$2>=1667, $D$4<750000),'ยางรถ(ระยะทาง)'!BR7,IF(AND($D$2>=1667, $D$4<800000),'ยางรถ(ระยะทาง)'!BV7))))))))))))))))))))))))))))))))))))) -> 0 | I10: =IF(AND($D$2<1667,$D$3=1),'แบตเตอร์รี่ (ปี)'!B7,IF(AND($D$2<1667,$D$3=2),'แบตเตอร์รี่ (ปี)'!C7,IF(AND($D$2<1667,$D$3=3),'แบตเตอร์รี่ (ปี)'!C7,IF(AND($D$2<1667,$D$3=4),'แบตเตอร์รี่ (ปี)'!E7,IF(AND($D$2<1667,$D$3=5),'แบตเตอร์รี่ (ปี)'!E7,IF(AND($D$2<1667,$D$3=6),'แบตเตอร์รี่ (ปี)'!G7,IF(AND($D$2<1667,$D$3=7),'แบตเตอร์รี่ (ปี)'!G7,IF(AND($D$2<1667,$D$3=8),'แบตเตอร์รี่ (ปี)'!I7,IF(AND($D$2<1667,$D$3=9),'แบตเตอร์รี่ (ปี)'!I7,IF(AND($D$2<1667,$D$3=10),'แบตเตอร์รี่ (ปี)'!K7,IF(AND($D$2<1667,$D$3=11),'แบตเตอร์รี่ (ปี)'!K7,IF(AND($D$2<1667,$D$3=12),'แบตเตอร์รี่ (ปี)'!M7,IF(AND($D$2<1667,$D$3=13),'แบตเตอร์รี่ (ปี)'!M7,IF(AND($D$2<1667,$D$3=14),'แบตเตอร์รี่ (ปี)'!O7,IF(AND($D$2<1667,$D$3=15),'แบตเตอร์รี่ (ปี)'!O7,IF(AND($D$2<1667,$D$3=16),'แบตเตอร์รี่ (ปี)'!Q7,IF(AND($D$2<1667,$D$3=17),'แบตเตอร์รี่ (ปี)'!Q7,IF(AND($D$2<1667,$D$3=18),'แบตเตอร์รี่ (ปี)'!S7,IF(AND($D$2<1667,$D$3=19),'แบตเตอร์รี่ (ปี)'!S7,IF(AND($D$2<1667,$D$3=20),'แบตเตอร์รี่ (ปี)'!U7,IF(AND($D$2>=1667,$D$4<40000),0,IF(AND($D$2>=1667,$D$4<80000),'แบตเตอรี(ระยะทาง) '!E7,IF(AND($D$2>=1667,$D$4<120000),'แบตเตอรี(ระยะทาง) '!I7,IF(AND($D$2>=1667,$D$4<160000),'แบตเตอรี(ระยะทาง) '!M7,IF(AND($D$2>=1667,$D$4<200000),'แบตเตอรี(ระยะทาง) '!Q7,IF(AND($D$2>=1667,$D$4<240000),'แบตเตอรี(ระยะทาง) '!E7,IF(AND($D$2>=1667,$D$4<280000),'แบตเตอรี(ระยะทาง) '!Y7,IF(AND($D$2>=1667,$D$4<320000),'แบตเตอรี(ระยะทาง) '!AC7,IF(AND($D$2>=1667,$D$4<360000),'แบตเตอรี(ระยะทาง) '!AG7,IF(AND($D$2>=1667,$D$4<400000),'แบตเตอรี(ระยะทาง) '!AK7,IF(AND($D$2>=1667,$D$4<440000),'แบตเตอรี(ระยะทาง) '!AO7,IF(AND($D$2>=1667,$D$4<480000),'แบตเตอรี(ระยะทาง) '!AS7,IF(AND($D$2>=1667,$D$4<50000),'แบตเตอรี(ระยะทาง) '!AW7,))))))))))))))))))))))))))))))))) -> 0 | J10: =IF(AND($D$2<1667,$D$3=1),'แบตเตอรีไฟฟ้า (ปี)'!B7,IF(AND($D$2<1667,$D$3=2),'แบตเตอรีไฟฟ้า (ปี)'!C7,IF(AND($D$2<1667,$D$3=3),'แบตเตอรีไฟฟ้า (ปี)'!D7,IF(AND($D$2<1667,$D$3=4),'แบตเตอรีไฟฟ้า (ปี)'!E7,IF(AND($D$2<1667,$D$3=5),'แบตเตอรีไฟฟ้า (ปี)'!F7,IF(AND($D$2<1667,$D$3=6),'แบตเตอรีไฟฟ้า (ปี)'!G7,IF(AND($D$2<1667,$D$3=7),'แบตเตอรีไฟฟ้า (ปี)'!H7,IF(AND($D$2<1667,$D$3=8),'แบตเตอรีไฟฟ้า (ปี)'!I7,IF(AND($D$2<1667,$D$3=9),'แบตเตอรีไฟฟ้า (ปี)'!I7,IF(AND($D$2<1667,$D$3=10),'แบตเตอรีไฟฟ้า (ปี)'!K7,IF(AND($D$2<1667,$D$3=11),'แบตเตอรีไฟฟ้า (ปี)'!I7,IF(AND($D$2<1667,$D$3=12),'แบตเตอรีไฟฟ้า (ปี)'!I7,IF(AND($D$2<1667,$D$3=13),'แบตเตอรีไฟฟ้า (ปี)'!I7,IF(AND($D$2<1667,$D$3=14),'แบตเตอรีไฟฟ้า (ปี)'!I7,IF(AND($D$2<1667,$D$3=15),'แบตเตอรีไฟฟ้า (ปี)'!I7,IF(AND($D$2<1667,$D$3=16),'แบตเตอรีไฟฟ้า (ปี)'!Q7,IF(AND($D$2<1667,$D$3=17),'แบตเตอรีไฟฟ้า (ปี)'!Q7,IF(AND($D$2<1667,$D$3=18),'แบตเตอรีไฟฟ้า (ปี)'!Q7,IF(AND($D$2<1667,$D$3=19),'แบตเตอรีไฟฟ้า (ปี)'!Q7,IF(AND($D$2<1667,$D$3=20),'แบตเตอรีไฟฟ้า (ปี)'!Q7,IF(AND($D$2>=1667,$D$4<170000),0,IF(AND($D$2>=1667,$D$4<340000),'แบตเตอรีรถไฟฟ้า(ระยะทาง)'!R7,IF(AND($D$2>=1667,$D$4<510000),'แบตเตอรีรถไฟฟ้า(ระยะทาง)'!AI7,))))))))))))))))))))))) -> 0 | K10: =IF(AND($D$2<1667,$D$3=1),'ค่าบำรุงรักษา(ปี)'!F7,IF(AND($D$2<1667,$D$3=2),'ค่าบำรุงรักษา(ปี)'!J7,IF(AND($D$2<1667,$D$3=3),'ค่าบำรุงรักษา(ปี)'!N7,IF(AND($D$2<1667,$D$3=4),'ค่าบำรุงรักษา(ปี)'!R7,IF(AND($D$2<1667,$D$3=5),'ค่าบำรุงรักษา(ปี)'!V7,IF(AND($D$2<1667,$D$3=6),'ค่าบำรุงรักษา(ปี)'!Z7,IF(AND($D$2<1667,$D$3=7),'ค่าบำรุงรักษา(ปี)'!AD7,IF(AND($D$2<1667,$D$3=8),'ค่าบำรุงรักษา(ปี)'!AH7,IF(AND($D$2<1667,$D$3=9),'ค่าบำรุงรักษา(ปี)'!AL7,IF(AND($D$2<1667,$D$3=10),'ค่าบำรุงรักษา(ปี)'!AP7,IF(AND($D$2<1667,$D$3=11),'ค่าบำรุงรักษา(ปี)'!AT7,IF(AND($D$2<1667,$D$3=12),'ค่าบำรุงรักษา(ปี)'!AX7,IF(AND($D$2<1667,$D$3=13),'ค่าบำรุงรักษา(ปี)'!BB7,IF(AND($D$2<1667,$D$3=14),'ค่าบำรุงรักษา(ปี)'!BF7,IF(AND($D$2<1667,$D$3=15),'ค่าบำรุงรักษา(ปี)'!BJ7,IF(AND($D$2<1667,$D$3=16),'ค่าบำรุงรักษา(ปี)'!BN7,IF(AND($D$2<1667,$D$3=17),'ค่าบำรุงรักษา(ปี)'!BR7,IF(AND($D$2<1667,$D$3=18),'ค่าบำรุงรักษา(ปี)'!BV7,IF(AND($D$2<1667,$D$3=19),'ค่าบำรุงรักษา(ปี)'!BZ7,IF(AND($D$2<1667,$D$3=20),'ค่าบำรุงรักษา(ปี)'!CD7,IF(AND($D$2>=1667,$D$4<30000),'ค่าบำรุงรักษา (ระยะทาง)'!G7,IF(AND($D$2>=1667,$D$4<40000),'ค่าบำรุงรักษา (ระยะทาง)'!I7,IF(AND($D$2>=1667,$D$4<50000),'ค่าบำรุงรักษา (ระยะทาง)'!K7,IF(AND($D$2>=1667,$D$4<60000),'ค่าบำรุงรักษา (ระยะทาง)'!M7,IF(AND($D$2>=1667,$D$4<70000),'ค่าบำรุงรักษา (ระยะทาง)'!O7,IF(AND($D$2>=1667,$D$4<80000),'ค่าบำรุงรักษา (ระยะทาง)'!Q7,IF(AND($D$2>=1667,$D$4<90000),'ค่าบำรุงรักษา (ระยะทาง)'!S7,IF(AND($D$2>=1667,$D$4<100000),'ค่าบำรุงรักษา (ระยะทาง)'!U7,IF(AND($D$2>=1667,$D$4<110000),'ค่าบำรุงรักษา (ระยะทาง)'!W7,IF(AND($D$2>=1667,$D$4<120000),'ค่าบำรุงรักษา (ระยะทาง)'!Y7,IF(AND($D$2>=1667,$D$4<130000),'ค่าบำรุงรักษา (ระยะทาง)'!AA7,IF(AND($D$2>=1667,$D$4<140000),'ค่าบำรุงรักษา (ระยะทาง)'!AC7,IF(AND($D$2>=1667,$D$4<150000),'ค่าบำรุงรักษา (ระยะทาง)'!AE7,IF(AND($D$2>=1667,$D$4<160000),'ค่าบำรุงรักษา (ระยะทาง)'!AG7,IF(AND($D$2>=1667,$D$4<170000),'ค่าบำรุงรักษา (ระยะทาง)'!AI7,IF(AND($D$2>=1667,$D$4<180000),'ค่าบำรุงรักษา (ระยะทาง)'!AK7,IF(AND($D$2>=1667,$D$4<190000),'ค่าบำรุงรักษา (ระยะทาง)'!AM7,IF(AND($D$2>=1667,$D$4<200000),'ค่าบำรุงรักษา (ระยะทาง)'!AO7,IF(AND($D$2>=1667,$D$4<210000),'ค่าบำรุงรักษา (ระยะทาง)'!AQ7,IF(AND($D$2>=1667,$D$4<220000),'ค่าบำรุงรักษา (ระยะทาง)'!AS7,IF(AND($D$2>=1667,$D$4<220000),'ค่าบำรุงรักษา (ระยะทาง)'!AU7,IF(AND($D$2>=1667,$D$4<240000),'ค่าบำรุงรักษา (ระยะทาง)'!AW7,IF(AND($D$2>=1667,$D$4<250000),'ค่าบำรุงรักษา (ระยะทาง)'!AY7,IF(AND($D$2>=1667,$D$4<260000),'ค่าบำรุงรักษา (ระยะทาง)'!BA7,IF(AND($D$2>=1667,$D$4<270000),'ค่าบำรุงรักษา (ระยะทาง)'!BC7,IF(AND($D$2>=1667,$D$4<280000),'ค่าบำรุงรักษา (ระยะทาง)'!BE7,IF(AND($D$2>=1667,$D$4<290000),'ค่าบำรุงรักษา (ระยะทาง)'!BG7,IF(AND($D$2>=1667,$D$4<300000),'ค่าบำรุงรักษา (ระยะทาง)'!BH5,IF(AND($D$2>=1667,$D$4<310000),'ค่าบำรุงรักษา (ระยะทาง)'!BK7,IF(AND($D$2>=1667,$D$4<320000),'ค่าบำรุงรักษา (ระยะทาง)'!BM7,IF(AND($D$2>=1667,$D$4<330000),'ค่าบำรุงรักษา (ระยะทาง)'!BO7,IF(AND($D$2>=1667,$D$4<340000),'ค่าบำรุงรักษา (ระยะทาง)'!BQ7,IF(AND($D$2>=1667,$D$4<350000),'ค่าบำรุงรักษา (ระยะทาง)'!BS7,IF(AND($D$2>=1667,$D$4<370000),'ค่าบำรุงรักษา (ระยะทาง)'!BW7,IF(AND($D$2>=1667,$D$4<380000),'ค่าบำรุงรักษา (ระยะทาง)'!BY7,IF(AND($D$2>=1667,$D$4<390000),'ค่าบำรุงรักษา (ระยะทาง)'!CA7,IF(AND($D$2>=1667,$D$4<400000),'ค่าบำรุงรักษา (ระยะทาง)'!CC7,IF(AND($D$2>=1667,$D$4<430000),'ค่าบำรุงรักษา (ระยะทาง)'!CI7,IF(AND($D$2>=1667,$D$4<440000),'ค่าบำรุงรักษา (ระยะทาง)'!CK7,IF(AND($D$2>=1667,$D$4<450000),'ค่าบำรุงรักษา (ระยะทาง)'!CM7,IF(AND($D$2>=1667,$D$4<460000),'ค่าบำรุงรักษา (ระยะทาง)'!CO7,IF(AND($D$2>=1667,$D$4<470000),'ค่าบำรุงรักษา (ระยะทาง)'!CQ7,IF(AND($D$2>=1667,$D$4<480000),'ค่าบำรุงรักษา (ระยะทาง)'!CS7,IF(AND($D$2>=1667,$D$4<490000),'ค่าบำรุงรักษา (ระยะทาง)'!CU7)))))))))))))))))))))))))))))))))))))))))))))))))))))))))))))))) -> 5500 | L10: =$D$4*$I$3/B10 -> 52141.935 | M10: =C10+(E10+F10+G10)+(H10+I10)+J10+K10+L10 -> 1123434.1
A11: Masda3 | B11: =ค่าพลังงาน!B10 -> 15 | C11: =ราคาเริ่มต้น!B8 -> 1198000 | D11: =IF($D$3=1,ราคาเริ่มต้น!D8,IF($D$3=2,ราคาเริ่มต้น!E8,IF($D$3=3,ราคาเริ่มต้น!F8,IF($D$3=4,ราคาเริ่มต้น!G8,IF($D$3=5,ราคาเริ่มต้น!H8,IF($D$3=6,ราคาเริ่มต้น!I8,IF($D$3=7,ราคาเริ่มต้น!J8,IF($D$3=8,ราคาเริ่มต้น!K8,IF($D$3=9,ราคาเริ่มต้น!L8,IF($D$3=10,ราคาเริ่มต้น!M8,IF($D$3=11,ราคาเริ่มต้น!N8,IF($D$3=12,ราคาเริ่มต้น!O8,IF($D$3=13,ราคาเริ่มต้น!P8,IF($D$3=14,ราคาเริ่มต้น!Q8,IF($D$3=15,ราคาเริ่มต้น!R8,IF($D$3=16,ราคาเริ่มต้น!S8,IF($D$3=17,ราคาเริ่มต้น!T8,IF($D$3=18,ราคาเริ่มต้น!U8,IF($D$3=19,ราคาเริ่มต้น!V8,IF($D$3=20,ราคาเริ่มต้น!W8)))))))))))))))))))) -> 1018300 | E11: =IF($D$3=1,ภาษีประจำปี!C8,IF($D$3=2,ภาษีประจำปี!E8,IF($D$3=3,ภาษีประจำปี!F8,IF($D$3=4,ภาษีประจำปี!I8,IF($D$3=5,ภาษีประจำปี!K8,IF($D$3=6,ภาษีประจำปี!M8,IF($D$3=7,ภาษีประจำปี!O8,IF($D$3=8,ภาษีประจำปี!Q8,IF($D$3=9,ภาษีประจำปี!S8,IF($D$3=10,ภาษีประจำปี!U8,IF($D$3=11,ภาษีประจำปี!W8,IF($D$3=12,ภาษีประจำปี!Y8,IF($D$3=13,ภาษีประจำปี!AA8,IF($D$3=14,ภาษีประจำปี!AC8,IF($D$3=15,ภาษีประจำปี!AE8,IF($D$3=16,ภาษีประจำปี!AG8,IF($D$3=17,ภาษีประจำปี!AI8,IF($D$3=18,ภาษีประจำปี!AK8,IF($D$3=19,ภาษีประจำปี!AM8,IF($D$3=20,ภาษีประจำปี!AO8)))))))))))))))))))) -> 2900 | F11: =IF($D$3=1,ประกันภัยบังคับ!B8,IF($D$3=2,ประกันภัยบังคับ!C8,IF($D$3=3,ประกันภัยบังคับ!D8,IF($D$3=4,ประกันภัยบังคับ!E8,IF($D$3=5,ประกันภัยบังคับ!F8,IF($D$3=6,ประกันภัยบังคับ!G8,IF($D$3=7,ประกันภัยบังคับ!H8,IF($D$3=8,ประกันภัยบังคับ!I8,IF($D$3=9,ประกันภัยบังคับ!J8,IF($D$3=10,ประกันภัยบังคับ!K8,IF($D$3=11,ประกันภัยบังคับ!L8,IF($D$3=12,ประกันภัยบังคับ!M8,IF($D$3=13,ประกันภัยบังคับ!N8,IF($D$3=14,ประกันภัยบังคับ!O8,IF($D$3=15,ประกันภัยบังคับ!P8,IF($D$3=16,ประกันภัยบังคับ!Q8,IF($D$3=17,ประกันภัยบังคับ!R8,IF($D$3=18,ประกันภัยบังคับ!S8,IF($D$3=19,ประกันภัยบังคับ!T8,IF($D$3=20,ประกันภัยบังคับ!U8)))))))))))))))))))) -> 645.21 | G11: =IF($D$3=1,ประกันภัยชั้น1!C8,IF($D$3=2,ประกันภัยชั้น1!E8,IF($D$3=3,ประกันภัยชั้น1!G8,IF($D$3=4,ประกันภัยชั้น1!I8,IF($D$3=5,ประกันภัยชั้น1!K8,IF($D$3=6,ประกันภัยชั้น1!M8,IF($D$3=7,ประกันภัยชั้น1!O8,IF($D$3=8,ประกันภัยชั้น1!Q8,IF($D$3=9,ประกันภัยชั้น1!S8,IF($D$3=10,ประกันภัยชั้น1!U8,IF($D$3=11,ประกันภัยชั้น1!W8,IF($D$3=12,ประกันภัยชั้น1!Y8,IF($D$3=13,ประกันภัยชั้น1!AA8,IF($D$3=14,ประกันภัยชั้น1!AC8,IF($D$3=15,ประกันภัยชั้น1!AE8,IF($D$3=16,ประกันภัยชั้น1!AG8,IF($D$3=17,ประกันภัยชั้น1!AI8,IF($D$3=18,ประกันภัยชั้น1!AK8,IF($D$3=19,ประกันภัยชั้น1!AM8,IF($D$3=20,ประกันภัยชั้น1!AO8)))))))))))))))))))) -> 26645 | H11: =IF(AND($D$2<1667,$D$3=1),'ยางรถ (ปี)'!B10,IF(AND($D$2<1667,$D$3=2),'ยางรถ (ปี)'!C10,IF(AND($D$2<1667,$D$3=3),'ยางรถ (ปี)'!D10,IF(AND($D$2<1667,$D$3=4),'ยางรถ (ปี)'!D10,IF(AND($D$2<1667,$D$3=5),'ยางรถ (ปี)'!D10,IF(AND($D$2<1667,$D$3=6),'ยางรถ (ปี)'!G10,IF(AND($D$2<1667,$D$3=7),'ยางรถ (ปี)'!G10,IF(AND($D$2<1667,$D$3=8),'ยางรถ (ปี)'!G10,IF(AND($D$2<1667,$D$3=9),'ยางรถ (ปี)'!J10,IF(AND($D$2<1667,$D$3=10),'ยางรถ (ปี)'!J10,IF(AND($D$2<1667,$D$3=11),'ยางรถ (ปี)'!J10,IF(AND($D$2<1667,$D$3=12),'ยางรถ (ปี)'!M10,IF(AND($D$2<1667,$D$3=13),'ยางรถ (ปี)'!M10,IF(AND($D$2<1667,$D$3=14),'ยางรถ (ปี)'!M10,IF(AND($D$2<1667,$D$3=15),'ยางรถ (ปี)'!P10,IF(AND($D$2<1667,$D$3=16),'ยางรถ (ปี)'!P10,IF(AND($D$2<1667,$D$3=17),'ยางรถ (ปี)'!P10,IF(AND($D$2<1667,$D$3=18),'ยางรถ (ปี)'!S10,IF(AND($D$2<1667,$D$3=19),'ยางรถ (ปี)'!S10,IF(AND($D$2<1667,$D$3=20),'ยางรถ (ปี)'!S10,IF(AND($D$2<1667,$D$3=21),'ยางรถ (ปี)'!V10,IF(AND($D$2>=1667,$D$4<50000),0,IF(AND($D$2>=1667, $D$4<100000),'ยางรถ(ระยะทาง)'!G8,IF(AND($D$2>=1667, $D$4<150000),'ยางรถ(ระยะทาง)'!M8,IF(AND($D$2>=1667, $D$4<200000),'ยางรถ(ระยะทาง)'!S8,IF(AND($D$2>=1667, $D$4<250000),'ยางรถ(ระยะทาง)'!Y8,IF(AND($D$2>=1667, $D$4<300000),'ยางรถ(ระยะทาง)'!AF8,IF(AND($D$2>=1667, $D$4<350000),'ยางรถ(ระยะทาง)'!AL8,IF(AND($D$2>=1667, $D$4<400000),'ยางรถ(ระยะทาง)'!AR8,IF(AND($D$2>=1667, $D$4<450000),'ยางรถ(ระยะทาง)'!AX8,IF(AND($D$2>=1667, $D$4<500000),'ยางรถ(ระยะทาง)'!BD8,IF(AND($D$2>=1667, $D$4<550000),'ยางรถ(ระยะทาง)'!BJ8,IF(AND($D$2>=1667, $D$4<600000),'ยางรถ(ระยะทาง)'!BL8,IF(AND($D$2>=1667, $D$4<650000),'ยางรถ(ระยะทาง)'!BN8,IF(AND($D$2>=1667, $D$4<700000),'ยางรถ(ระยะทาง)'!BP8,IF(AND($D$2>=1667, $D$4<750000),'ยางรถ(ระยะทาง)'!BR8,IF(AND($D$2>=1667, $D$4<800000),'ยางรถ(ระยะทาง)'!BV8))))))))))))))))))))))))))))))))))))) -> 0 | I11: =IF(AND($D$2<1667,$D$3=1),'แบตเตอร์รี่ (ปี)'!B8,IF(AND($D$2<1667,$D$3=2),'แบตเตอร์รี่ (ปี)'!C8,IF(AND($D$2<1667,$D$3=3),'แบตเตอร์รี่ (ปี)'!C8,IF(AND($D$2<1667,$D$3=4),'แบตเตอร์รี่ (ปี)'!E8,IF(AND($D$2<1667,$D$3=5),'แบตเตอร์รี่ (ปี)'!E8,IF(AND($D$2<1667,$D$3=6),'แบตเตอร์รี่ (ปี)'!G8,IF(AND($D$2<1667,$D$3=7),'แบตเตอร์รี่ (ปี)'!G8,IF(AND($D$2<1667,$D$3=8),'แบตเตอร์รี่ (ปี)'!I8,IF(AND($D$2<1667,$D$3=9),'แบตเตอร์รี่ (ปี)'!I8,IF(AND($D$2<1667,$D$3=10),'แบตเตอร์รี่ (ปี)'!K8,IF(AND($D$2<1667,$D$3=11),'แบตเตอร์รี่ (ปี)'!K8,IF(AND($D$2<1667,$D$3=12),'แบตเตอร์รี่ (ปี)'!M8,IF(AND($D$2<1667,$D$3=13),'แบตเตอร์รี่ (ปี)'!M8,IF(AND($D$2<1667,$D$3=14),'แบตเตอร์รี่ (ปี)'!O8,IF(AND($D$2<1667,$D$3=15),'แบตเตอร์รี่ (ปี)'!O8,IF(AND($D$2<1667,$D$3=16),'แบตเตอร์รี่ (ปี)'!Q8,IF(AND($D$2<1667,$D$3=17),'แบตเตอร์รี่ (ปี)'!Q8,IF(AND($D$2<1667,$D$3=18),'แบตเตอร์รี่ (ปี)'!S8,IF(AND($D$2<1667,$D$3=19),'แบตเตอร์รี่ (ปี)'!S8,IF(AND($D$2<1667,$D$3=20),'แบตเตอร์รี่ (ปี)'!U8,IF(AND($D$2>=1667,$D$4<40000),0,IF(AND($D$2>=1667,$D$4<80000),'แบตเตอรี(ระยะทาง) '!E8,IF(AND($D$2>=1667,$D$4<120000),'แบตเตอรี(ระยะทาง) '!I8,IF(AND($D$2>=1667,$D$4<160000),'แบตเตอรี(ระยะทาง) '!M8,IF(AND($D$2>=1667,$D$4<200000),'แบตเตอรี(ระยะทาง) '!Q8,IF(AND($D$2>=1667,$D$4<240000),'แบตเตอรี(ระยะทาง) '!E8,IF(AND($D$2>=1667,$D$4<280000),'แบตเตอรี(ระยะทาง) '!Y8,IF(AND($D$2>=1667,$D$4<320000),'แบตเตอรี(ระยะทาง) '!AC8,IF(AND($D$2>=1667,$D$4<360000),'แบตเตอรี(ระยะทาง) '!AG8,IF(AND($D$2>=1667,$D$4<400000),'แบตเตอรี(ระยะทาง) '!AK8,IF(AND($D$2>=1667,$D$4<440000),'แบตเตอรี(ระยะทาง) '!AO8,IF(AND($D$2>=1667,$D$4<480000),'แบตเตอรี(ระยะทาง) '!AS8,IF(AND($D$2>=1667,$D$4<50000),'แบตเตอรี(ระยะทาง) '!AW8,))))))))))))))))))))))))))))))))) -> 0 | J11: =IF(AND($D$2<1667,$D$3=1),'แบตเตอรีไฟฟ้า (ปี)'!B8,IF(AND($D$2<1667,$D$3=2),'แบตเตอรีไฟฟ้า (ปี)'!C8,IF(AND($D$2<1667,$D$3=3),'แบตเตอรีไฟฟ้า (ปี)'!D8,IF(AND($D$2<1667,$D$3=4),'แบตเตอรีไฟฟ้า (ปี)'!E8,IF(AND($D$2<1667,$D$3=5),'แบตเตอรีไฟฟ้า (ปี)'!F8,IF(AND($D$2<1667,$D$3=6),'แบตเตอรีไฟฟ้า (ปี)'!G8,IF(AND($D$2<1667,$D$3=7),'แบตเตอรีไฟฟ้า (ปี)'!H8,IF(AND($D$2<1667,$D$3=8),'แบตเตอรีไฟฟ้า (ปี)'!I8,IF(AND($D$2<1667,$D$3=9),'แบตเตอรีไฟฟ้า (ปี)'!I8,IF(AND($D$2<1667,$D$3=10),'แบตเตอรีไฟฟ้า (ปี)'!K8,IF(AND($D$2<1667,$D$3=11),'แบตเตอรีไฟฟ้า (ปี)'!I8,IF(AND($D$2<1667,$D$3=12),'แบตเตอรีไฟฟ้า (ปี)'!I8,IF(AND($D$2<1667,$D$3=13),'แบตเตอรีไฟฟ้า (ปี)'!I8,IF(AND($D$2<1667,$D$3=14),'แบตเตอรีไฟฟ้า (ปี)'!I8,IF(AND($D$2<1667,$D$3=15),'แบตเตอรีไฟฟ้า (ปี)'!I8,IF(AND($D$2<1667,$D$3=16),'แบตเตอรีไฟฟ้า (ปี)'!Q8,IF(AND($D$2<1667,$D$3=17),'แบตเตอรีไฟฟ้า (ปี)'!Q8,IF(AND($D$2<1667,$D$3=18),'แบตเตอรีไฟฟ้า (ปี)'!Q8,IF(AND($D$2<1667,$D$3=19),'แบตเตอรีไฟฟ้า (ปี)'!Q8,IF(AND($D$2<1667,$D$3=20),'แบตเตอรีไฟฟ้า (ปี)'!Q8,IF(AND($D$2>=1667,$D$4<170000),0,IF(AND($D$2>=1667,$D$4<340000),'แบตเตอรีรถไฟฟ้า(ระยะทาง)'!R8,IF(AND($D$2>=1667,$D$4<510000),'แบตเตอรีรถไฟฟ้า(ระยะทาง)'!AI8,))))))))))))))))))))))) -> 0 | K11: =IF(AND($D$2<1667,$D$3=1),'ค่าบำรุงรักษา(ปี)'!F8,IF(AND($D$2<1667,$D$3=2),'ค่าบำรุงรักษา(ปี)'!J8,IF(AND($D$2<1667,$D$3=3),'ค่าบำรุงรักษา(ปี)'!N8,IF(AND($D$2<1667,$D$3=4),'ค่าบำรุงรักษา(ปี)'!R8,IF(AND($D$2<1667,$D$3=5),'ค่าบำรุงรักษา(ปี)'!V8,IF(AND($D$2<1667,$D$3=6),'ค่าบำรุงรักษา(ปี)'!Z8,IF(AND($D$2<1667,$D$3=7),'ค่าบำรุงรักษา(ปี)'!AD8,IF(AND($D$2<1667,$D$3=8),'ค่าบำรุงรักษา(ปี)'!AH8,IF(AND($D$2<1667,$D$3=9),'ค่าบำรุงรักษา(ปี)'!AL8,IF(AND($D$2<1667,$D$3=10),'ค่าบำรุงรักษา(ปี)'!AP8,IF(AND($D$2<1667,$D$3=11),'ค่าบำรุงรักษา(ปี)'!AT8,IF(AND($D$2<1667,$D$3=12),'ค่าบำรุงรักษา(ปี)'!AX8,IF(AND($D$2<1667,$D$3=13),'ค่าบำรุงรักษา(ปี)'!BB8,IF(AND($D$2<1667,$D$3=14),'ค่าบำรุงรักษา(ปี)'!BF8,IF(AND($D$2<1667,$D$3=15),'ค่าบำรุงรักษา(ปี)'!BJ8,IF(AND($D$2<1667,$D$3=16),'ค่าบำรุงรักษา(ปี)'!BN8,IF(AND($D$2<1667,$D$3=17),'ค่าบำรุงรักษา(ปี)'!BR8,IF(AND($D$2<1667,$D$3=18),'ค่าบำรุงรักษา(ปี)'!BV8,IF(AND($D$2<1667,$D$3=19),'ค่าบำรุงรักษา(ปี)'!BZ8,IF(AND($D$2<1667,$D$3=20),'ค่าบำรุงรักษา(ปี)'!CD8,IF(AND($D$2>=1667,$D$4<30000),'ค่าบำรุงรักษา (ระยะทาง)'!G8,IF(AND($D$2>=1667,$D$4<40000),'ค่าบำรุงรักษา (ระยะทาง)'!I8,IF(AND($D$2>=1667,$D$4<50000),'ค่าบำรุงรักษา (ระยะทาง)'!K8,IF(AND($D$2>=1667,$D$4<60000),'ค่าบำรุงรักษา (ระยะทาง)'!M8,IF(AND($D$2>=1667,$D$4<70000),'ค่าบำรุงรักษา (ระยะทาง)'!O8,IF(AND($D$2>=1667,$D$4<80000),'ค่าบำรุงรักษา (ระยะทาง)'!Q8,IF(AND($D$2>=1667,$D$4<90000),'ค่าบำรุงรักษา (ระยะทาง)'!S8,IF(AND($D$2>=1667,$D$4<100000),'ค่าบำรุงรักษา (ระยะทาง)'!U8,IF(AND($D$2>=1667,$D$4<110000),'ค่าบำรุงรักษา (ระยะทาง)'!W8,IF(AND($D$2>=1667,$D$4<120000),'ค่าบำรุงรักษา (ระยะทาง)'!Y8,IF(AND($D$2>=1667,$D$4<130000),'ค่าบำรุงรักษา (ระยะทาง)'!AA8,IF(AND($D$2>=1667,$D$4<140000),'ค่าบำรุงรักษา (ระยะทาง)'!AC8,IF(AND($D$2>=1667,$D$4<150000),'ค่าบำรุงรักษา (ระยะทาง)'!AE8,IF(AND($D$2>=1667,$D$4<160000),'ค่าบำรุงรักษา (ระยะทาง)'!AG8,IF(AND($D$2>=1667,$D$4<170000),'ค่าบำรุงรักษา (ระยะทาง)'!AI8,IF(AND($D$2>=1667,$D$4<180000),'ค่าบำรุงรักษา (ระยะทาง)'!AK8,IF(AND($D$2>=1667,$D$4<190000),'ค่าบำรุงรักษา (ระยะทาง)'!AM8,IF(AND($D$2>=1667,$D$4<200000),'ค่าบำรุงรักษา (ระยะทาง)'!AO8,IF(AND($D$2>=1667,$D$4<210000),'ค่าบำรุงรักษา (ระยะทาง)'!AQ8,IF(AND($D$2>=1667,$D$4<220000),'ค่าบำรุงรักษา (ระยะทาง)'!AS8,IF(AND($D$2>=1667,$D$4<220000),'ค่าบำรุงรักษา (ระยะทาง)'!AU8,IF(AND($D$2>=1667,$D$4<240000),'ค่าบำรุงรักษา (ระยะทาง)'!AW8,IF(AND($D$2>=1667,$D$4<250000),'ค่าบำรุงรักษา (ระยะทาง)'!AY8,IF(AND($D$2>=1667,$D$4<260000),'ค่าบำรุงรักษา (ระยะทาง)'!BA8,IF(AND($D$2>=1667,$D$4<270000),'ค่าบำรุงรักษา (ระยะทาง)'!BC8,IF(AND($D$2>=1667,$D$4<280000),'ค่าบำรุงรักษา (ระยะทาง)'!BE8,IF(AND($D$2>=1667,$D$4<290000),'ค่าบำรุงรักษา (ระยะทาง)'!BG8,IF(AND($D$2>=1667,$D$4<300000),'ค่าบำรุงรักษา (ระยะทาง)'!BH6,IF(AND($D$2>=1667,$D$4<310000),'ค่าบำรุงรักษา (ระยะทาง)'!BK8,IF(AND($D$2>=1667,$D$4<320000),'ค่าบำรุงรักษา (ระยะทาง)'!BM8,IF(AND($D$2>=1667,$D$4<330000),'ค่าบำรุงรักษา (ระยะทาง)'!BO8,IF(AND($D$2>=1667,$D$4<340000),'ค่าบำรุงรักษา (ระยะทาง)'!BQ8,IF(AND($D$2>=1667,$D$4<350000),'ค่าบำรุงรักษา (ระยะทาง)'!BS8,IF(AND($D$2>=1667,$D$4<370000),'ค่าบำรุงรักษา (ระยะทาง)'!BW8,IF(AND($D$2>=1667,$D$4<380000),'ค่าบำรุงรักษา (ระยะทาง)'!BY8,IF(AND($D$2>=1667,$D$4<390000),'ค่าบำรุงรักษา (ระยะทาง)'!CA8,IF(AND($D$2>=1667,$D$4<400000),'ค่าบำรุงรักษา (ระยะทาง)'!CC8,IF(AND($D$2>=1667,$D$4<430000),'ค่าบำรุงรักษา (ระยะทาง)'!CI8,IF(AND($D$2>=1667,$D$4<440000),'ค่าบำรุงรักษา (ระยะทาง)'!CK8,IF(AND($D$2>=1667,$D$4<450000),'ค่าบำรุงรักษา (ระยะทาง)'!CM8,IF(AND($D$2>=1667,$D$4<460000),'ค่าบำรุงรักษา (ระยะทาง)'!CO8,IF(AND($D$2>=1667,$D$4<470000),'ค่าบำรุงรักษา (ระยะทาง)'!CQ8,IF(AND($D$2>=1667,$D$4<480000),'ค่าบำรุงรักษา (ระยะทาง)'!CS8,IF(AND($D$2>=1667,$D$4<490000),'ค่าบำรุงรักษา (ระยะทาง)'!CU8)))))))))))))))))))))))))))))))))))))))))))))))))))))))))))))))) -> 6300 | L11: =$D$4*$I$3/B11 -> 53880 | M11: =C11+E11+F11+G11+H11+I11+J11+K11+L11 -> 1288370.2
A12: Vios | B12: =ค่าพลังงาน!B11 -> 15.5 | C12: =ราคาเริ่มต้น!B9 -> 789000 | D12: =IF($D$3=1,ราคาเริ่มต้น!D9,IF($D$3=2,ราคาเริ่มต้น!E9,IF($D$3=3,ราคาเริ่มต้น!F9,IF($D$3=4,ราคาเริ่มต้น!G9,IF($D$3=5,ราคาเริ่มต้น!H9,IF($D$3=6,ราคาเริ่มต้น!I9,IF($D$3=7,ราคาเริ่มต้น!J9,IF($D$3=8,ราคาเริ่มต้น!K9,IF($D$3=9,ราคาเริ่มต้น!L9,IF($D$3=10,ราคาเริ่มต้น!M9,IF($D$3=11,ราคาเริ่มต้น!N9,IF($D$3=12,ราคาเริ่มต้น!O9,IF($D$3=13,ราคาเริ่มต้น!P9,IF($D$3=14,ราคาเริ่มต้น!Q9,IF($D$3=15,ราคาเริ่มต้น!R9,IF($D$3=16,ราคาเริ่มต้น!S9,IF($D$3=17,ราคาเริ่มต้น!T9,IF($D$3=18,ราคาเริ่มต้น!U9,IF($D$3=19,ราคาเริ่มต้น!V9,IF($D$3=20,ราคาเริ่มต้น!W9)))))))))))))))))))) -> 670650 | E12: =IF($D$3=1,ภาษีประจำปี!C9,IF($D$3=2,ภาษีประจำปี!E9,IF($D$3=3,ภาษีประจำปี!F9,IF($D$3=4,ภาษีประจำปี!I9,IF($D$3=5,ภาษีประจำปี!K9,IF($D$3=6,ภาษีประจำปี!M9,IF($D$3=7,ภาษีประจำปี!O9,IF($D$3=8,ภาษีประจำปี!Q9,IF($D$3=9,ภาษีประจำปี!S9,IF($D$3=10,ภาษีประจำปี!U9,IF($D$3=11,ภาษีประจำปี!W9,IF($D$3=12,ภาษีประจำปี!Y9,IF($D$3=13,ภาษีประจำปี!AA9,IF($D$3=14,ภาษีประจำปี!AC9,IF($D$3=15,ภาษีประจำปี!AE9,IF($D$3=16,ภาษีประจำปี!AG9,IF($D$3=17,ภาษีประจำปี!AI9,IF($D$3=18,ภาษีประจำปี!AK9,IF($D$3=19,ภาษีประจำปี!AM9,IF($D$3=20,ภาษีประจำปี!AO9)))))))))))))))))))) -> 1650 | F12: =IF($D$3=1,ประกันภัยบังคับ!B9,IF($D$3=2,ประกันภัยบังคับ!C9,IF($D$3=3,ประกันภัยบังคับ!D9,IF($D$3=4,ประกันภัยบังคับ!E9,IF($D$3=5,ประกันภัยบังคับ!F9,IF($D$3=6,ประกันภัยบังคับ!G9,IF($D$3=7,ประกันภัยบังคับ!H9,IF($D$3=8,ประกันภัยบังคับ!I9,IF($D$3=9,ประกันภัยบังคับ!J9,IF($D$3=10,ประกันภัยบังคับ!K9,IF($D$3=11,ประกันภัยบังคับ!L9,IF($D$3=12,ประกันภัยบังคับ!M9,IF($D$3=13,ประกันภัยบังคับ!N9,IF($D$3=14,ประกันภัยบังคับ!O9,IF($D$3=15,ประกันภัยบังคับ!P9,IF($D$3=16,ประกันภัยบังคับ!Q9,IF($D$3=17,ประกันภัยบังคับ!R9,IF($D$3=18,ประกันภัยบังคับ!S9,IF($D$3=19,ประกันภัยบังคับ!T9,IF($D$3=20,ประกันภัยบังคับ!U9)))))))))))))))))))) -> 645.21 | G12: =IF($D$3=1,ประกันภัยชั้น1!C9,IF($D$3=2,ประกันภัยชั้น1!E9,IF($D$3=3,ประกันภัยชั้น1!G9,IF($D$3=4,ประกันภัยชั้น1!I9,IF($D$3=5,ประกันภัยชั้น1!K9,IF($D$3=6,ประกันภัยชั้น1!M9,IF($D$3=7,ประกันภัยชั้น1!O9,IF($D$3=8,ประกันภัยชั้น1!Q9,IF($D$3=9,ประกันภัยชั้น1!S9,IF($D$3=10,ประกันภัยชั้น1!U9,IF($D$3=11,ประกันภัยชั้น1!W9,IF($D$3=12,ประกันภัยชั้น1!Y9,IF($D$3=13,ประกันภัยชั้น1!AA9,IF($D$3=14,ประกันภัยชั้น1!AC9,IF($D$3=15,ประกันภัยชั้น1!AE9,IF($D$3=16,ประกันภัยชั้น1!AG9,IF($D$3=17,ประกันภัยชั้น1!AI9,IF($D$3=18,ประกันภัยชั้น1!AK9,IF($D$3=19,ประกันภัยชั้น1!AM9,IF($D$3=20,ประกันภัยชั้น1!AO9)))))))))))))))))))) -> 16500 | H12: =IF(AND($D$2<1667,$D$3=1),'ยางรถ (ปี)'!B11,IF(AND($D$2<1667,$D$3=2),'ยางรถ (ปี)'!C11,IF(AND($D$2<1667,$D$3=3),'ยางรถ (ปี)'!D11,IF(AND($D$2<1667,$D$3=4),'ยางรถ (ปี)'!D11,IF(AND($D$2<1667,$D$3=5),'ยางรถ (ปี)'!D11,IF(AND($D$2<1667,$D$3=6),'ยางรถ (ปี)'!G11,IF(AND($D$2<1667,$D$3=7),'ยางรถ (ปี)'!G11,IF(AND($D$2<1667,$D$3=8),'ยางรถ (ปี)'!G11,IF(AND($D$2<1667,$D$3=9),'ยางรถ (ปี)'!J11,IF(AND($D$2<1667,$D$3=10),'ยางรถ (ปี)'!J11,IF(AND($D$2<1667,$D$3=11),'ยางรถ (ปี)'!J11,IF(AND($D$2<1667,$D$3=12),'ยางรถ (ปี)'!M11,IF(AND($D$2<1667,$D$3=13),'ยางรถ (ปี)'!M11,IF(AND($D$2<1667,$D$3=14),'ยางรถ (ปี)'!M11,IF(AND($D$2<1667,$D$3=15),'ยางรถ (ปี)'!P11,IF(AND($D$2<1667,$D$3=16),'ยางรถ (ปี)'!P11,IF(AND($D$2<1667,$D$3=17),'ยางรถ (ปี)'!P11,IF(AND($D$2<1667,$D$3=18),'ยางรถ (ปี)'!S11,IF(AND($D$2<1667,$D$3=19),'ยางรถ (ปี)'!S11,IF(AND($D$2<1667,$D$3=20),'ยางรถ (ปี)'!S11,IF(AND($D$2<1667,$D$3=21),'ยางรถ (ปี)'!V11,IF(AND($D$2>=1667,$D$4<50000),0,IF(AND($D$2>=1667, $D$4<100000),'ยางรถ(ระยะทาง)'!G9,IF(AND($D$2>=1667, $D$4<150000),'ยางรถ(ระยะทาง)'!M9,IF(AND($D$2>=1667, $D$4<200000),'ยางรถ(ระยะทาง)'!S9,IF(AND($D$2>=1667, $D$4<250000),'ยางรถ(ระยะทาง)'!Y9,IF(AND($D$2>=1667, $D$4<300000),'ยางรถ(ระยะทาง)'!AF9,IF(AND($D$2>=1667, $D$4<350000),'ยางรถ(ระยะทาง)'!AL9,IF(AND($D$2>=1667, $D$4<400000),'ยางรถ(ระยะทาง)'!AR9,IF(AND($D$2>=1667, $D$4<450000),'ยางรถ(ระยะทาง)'!AX9,IF(AND($D$2>=1667, $D$4<500000),'ยางรถ(ระยะทาง)'!BD9,IF(AND($D$2>=1667, $D$4<550000),'ยางรถ(ระยะทาง)'!BJ9,IF(AND($D$2>=1667, $D$4<600000),'ยางรถ(ระยะทาง)'!BL9,IF(AND($D$2>=1667, $D$4<650000),'ยางรถ(ระยะทาง)'!BN9,IF(AND($D$2>=1667, $D$4<700000),'ยางรถ(ระยะทาง)'!BP9,IF(AND($D$2>=1667, $D$4<750000),'ยางรถ(ระยะทาง)'!BR9,IF(AND($D$2>=1667, $D$4<800000),'ยางรถ(ระยะทาง)'!BV9))))))))))))))))))))))))))))))))))))) -> 0 | I12: =IF(AND($D$2<1667,$D$3=1),'แบตเตอร์รี่ (ปี)'!B9,IF(AND($D$2<1667,$D$3=2),'แบตเตอร์รี่ (ปี)'!C9,IF(AND($D$2<1667,$D$3=3),'แบตเตอร์รี่ (ปี)'!C9,IF(AND($D$2<1667,$D$3=4),'แบตเตอร์รี่ (ปี)'!E9,IF(AND($D$2<1667,$D$3=5),'แบตเตอร์รี่ (ปี)'!E9,IF(AND($D$2<1667,$D$3=6),'แบตเตอร์รี่ (ปี)'!G9,IF(AND($D$2<1667,$D$3=7),'แบตเตอร์รี่ (ปี)'!G9,IF(AND($D$2<1667,$D$3=8),'แบตเตอร์รี่ (ปี)'!I9,IF(AND($D$2<1667,$D$3=9),'แบตเตอร์รี่ (ปี)'!I9,IF(AND($D$2<1667,$D$3=10),'แบตเตอร์รี่ (ปี)'!K9,IF(AND($D$2<1667,$D$3=11),'แบตเตอร์รี่ (ปี)'!K9,IF(AND($D$2<1667,$D$3=12),'แบตเตอร์รี่ (ปี)'!M9,IF(AND($D$2<1667,$D$3=13),'แบตเตอร์รี่ (ปี)'!M9,IF(AND($D$2<1667,$D$3=14),'แบตเตอร์รี่ (ปี)'!O9,IF(AND($D$2<1667,$D$3=15),'แบตเตอร์รี่ (ปี)'!O9,IF(AND($D$2<1667,$D$3=16),'แบตเตอร์รี่ (ปี)'!Q9,IF(AND($D$2<1667,$D$3=17),'แบตเตอร์รี่ (ปี)'!Q9,IF(AND($D$2<1667,$D$3=18),'แบตเตอร์รี่ (ปี)'!S9,IF(AND($D$2<1667,$D$3=19),'แบตเตอร์รี่ (ปี)'!S9,IF(AND($D$2<1667,$D$3=20),'แบตเตอร์รี่ (ปี)'!U9,IF(AND($D$2>=1667,$D$4<40000),0,IF(AND($D$2>=1667,$D$4<80000),'แบตเตอรี(ระยะทาง) '!E9,IF(AND($D$2>=1667,$D$4<120000),'แบตเตอรี(ระยะทาง) '!I9,IF(AND($D$2>=1667,$D$4<160000),'แบตเตอรี(ระยะทาง) '!M9,IF(AND($D$2>=1667,$D$4<200000),'แบตเตอรี(ระยะทาง) '!Q9,IF(AND($D$2>=1667,$D$4<240000),'แบตเตอรี(ระยะทาง) '!E9,IF(AND($D$2>=1667,$D$4<280000),'แบตเตอรี(ระยะทาง) '!Y9,IF(AND($D$2>=1667,$D$4<320000),'แบตเตอรี(ระยะทาง) '!AC9,IF(AND($D$2>=1667,$D$4<360000),'แบตเตอรี(ระยะทาง) '!AG9,IF(AND($D$2>=1667,$D$4<400000),'แบตเตอรี(ระยะทาง) '!AK9,IF(AND($D$2>=1667,$D$4<440000),'แบตเตอรี(ระยะทาง) '!AO9,IF(AND($D$2>=1667,$D$4<480000),'แบตเตอรี(ระยะทาง) '!AS9,IF(AND($D$2>=1667,$D$4<50000),'แบตเตอรี(ระยะทาง) '!AW9,))))))))))))))))))))))))))))))))) -> 0 | J12: =IF(AND($D$2<1667,$D$3=1),'แบตเตอรีไฟฟ้า (ปี)'!B9,IF(AND($D$2<1667,$D$3=2),'แบตเตอรีไฟฟ้า (ปี)'!C9,IF(AND($D$2<1667,$D$3=3),'แบตเตอรีไฟฟ้า (ปี)'!D9,IF(AND($D$2<1667,$D$3=4),'แบตเตอรีไฟฟ้า (ปี)'!E9,IF(AND($D$2<1667,$D$3=5),'แบตเตอรีไฟฟ้า (ปี)'!F9,IF(AND($D$2<1667,$D$3=6),'แบตเตอรีไฟฟ้า (ปี)'!G9,IF(AND($D$2<1667,$D$3=7),'แบตเตอรีไฟฟ้า (ปี)'!H9,IF(AND($D$2<1667,$D$3=8),'แบตเตอรีไฟฟ้า (ปี)'!I9,IF(AND($D$2<1667,$D$3=9),'แบตเตอรีไฟฟ้า (ปี)'!I9,IF(AND($D$2<1667,$D$3=10),'แบตเตอรีไฟฟ้า (ปี)'!K9,IF(AND($D$2<1667,$D$3=11),'แบตเตอรีไฟฟ้า (ปี)'!I9,IF(AND($D$2<1667,$D$3=12),'แบตเตอรีไฟฟ้า (ปี)'!I9,IF(AND($D$2<1667,$D$3=13),'แบตเตอรีไฟฟ้า (ปี)'!I9,IF(AND($D$2<1667,$D$3=14),'แบตเตอรีไฟฟ้า (ปี)'!I9,IF(AND($D$2<1667,$D$3=15),'แบตเตอรีไฟฟ้า (ปี)'!I9,IF(AND($D$2<1667,$D$3=16),'แบตเตอรีไฟฟ้า (ปี)'!Q9,IF(AND($D$2<1667,$D$3=17),'แบตเตอรีไฟฟ้า (ปี)'!Q9,IF(AND($D$2<1667,$D$3=18),'แบตเตอรีไฟฟ้า (ปี)'!Q9,IF(AND($D$2<1667,$D$3=19),'แบตเตอรีไฟฟ้า (ปี)'!Q9,IF(AND($D$2<1667,$D$3=20),'แบตเตอรีไฟฟ้า (ปี)'!Q9,IF(AND($D$2>=1667,$D$4<170000),0,IF(AND($D$2>=1667,$D$4<340000),'แบตเตอรีรถไฟฟ้า(ระยะทาง)'!R9,IF(AND($D$2>=1667,$D$4<510000),'แบตเตอรีรถไฟฟ้า(ระยะทาง)'!AI9,))))))))))))))))))))))) -> 0 | K12: =IF(AND($D$2<1667,$D$3=1),'ค่าบำรุงรักษา(ปี)'!F9,IF(AND($D$2<1667,$D$3=2),'ค่าบำรุงรักษา(ปี)'!J9,IF(AND($D$2<1667,$D$3=3),'ค่าบำรุงรักษา(ปี)'!N9,IF(AND($D$2<1667,$D$3=4),'ค่าบำรุงรักษา(ปี)'!R9,IF(AND($D$2<1667,$D$3=5),'ค่าบำรุงรักษา(ปี)'!V9,IF(AND($D$2<1667,$D$3=6),'ค่าบำรุงรักษา(ปี)'!Z9,IF(AND($D$2<1667,$D$3=7),'ค่าบำรุงรักษา(ปี)'!AD9,IF(AND($D$2<1667,$D$3=8),'ค่าบำรุงรักษา(ปี)'!AH9,IF(AND($D$2<1667,$D$3=9),'ค่าบำรุงรักษา(ปี)'!AL9,IF(AND($D$2<1667,$D$3=10),'ค่าบำรุงรักษา(ปี)'!AP9,IF(AND($D$2<1667,$D$3=11),'ค่าบำรุงรักษา(ปี)'!AT9,IF(AND($D$2<1667,$D$3=12),'ค่าบำรุงรักษา(ปี)'!AX9,IF(AND($D$2<1667,$D$3=13),'ค่าบำรุงรักษา(ปี)'!BB9,IF(AND($D$2<1667,$D$3=14),'ค่าบำรุงรักษา(ปี)'!BF9,IF(AND($D$2<1667,$D$3=15),'ค่าบำรุงรักษา(ปี)'!BJ9,IF(AND($D$2<1667,$D$3=16),'ค่าบำรุงรักษา(ปี)'!BN9,IF(AND($D$2<1667,$D$3=17),'ค่าบำรุงรักษา(ปี)'!BR9,IF(AND($D$2<1667,$D$3=18),'ค่าบำรุงรักษา(ปี)'!BV9,IF(AND($D$2<1667,$D$3=19),'ค่าบำรุงรักษา(ปี)'!BZ9,IF(AND($D$2<1667,$D$3=20),'ค่าบำรุงรักษา(ปี)'!CD9,IF(AND($D$2>=1667,$D$4<30000),'ค่าบำรุงรักษา (ระยะทาง)'!G9,IF(AND($D$2>=1667,$D$4<40000),'ค่าบำรุงรักษา (ระยะทาง)'!I9,IF(AND($D$2>=1667,$D$4<50000),'ค่าบำรุงรักษา (ระยะทาง)'!K9,IF(AND($D$2>=1667,$D$4<60000),'ค่าบำรุงรักษา (ระยะทาง)'!M9,IF(AND($D$2>=1667,$D$4<70000),'ค่าบำรุงรักษา (ระยะทาง)'!O9,IF(AND($D$2>=1667,$D$4<80000),'ค่าบำรุงรักษา (ระยะทาง)'!Q9,IF(AND($D$2>=1667,$D$4<90000),'ค่าบำรุงรักษา (ระยะทาง)'!S9,IF(AND($D$2>=1667,$D$4<100000),'ค่าบำรุงรักษา (ระยะทาง)'!U9,IF(AND($D$2>=1667,$D$4<110000),'ค่าบำรุงรักษา (ระยะทาง)'!W9,IF(AND($D$2>=1667,$D$4<120000),'ค่าบำรุงรักษา (ระยะทาง)'!Y9,IF(AND($D$2>=1667,$D$4<130000),'ค่าบำรุงรักษา (ระยะทาง)'!AA9,IF(AND($D$2>=1667,$D$4<140000),'ค่าบำรุงรักษา (ระยะทาง)'!AC9,IF(AND($D$2>=1667,$D$4<150000),'ค่าบำรุงรักษา (ระยะทาง)'!AE9,IF(AND($D$2>=1667,$D$4<160000),'ค่าบำรุงรักษา (ระยะทาง)'!AG9,IF(AND($D$2>=1667,$D$4<170000),'ค่าบำรุงรักษา (ระยะทาง)'!AI9,IF(AND($D$2>=1667,$D$4<180000),'ค่าบำรุงรักษา (ระยะทาง)'!AK9,IF(AND($D$2>=1667,$D$4<190000),'ค่าบำรุงรักษา (ระยะทาง)'!AM9,IF(AND($D$2>=1667,$D$4<200000),'ค่าบำรุงรักษา (ระยะทาง)'!AO9,IF(AND($D$2>=1667,$D$4<210000),'ค่าบำรุงรักษา (ระยะทาง)'!AQ9,IF(AND($D$2>=1667,$D$4<220000),'ค่าบำรุงรักษา (ระยะทาง)'!AS9,IF(AND($D$2>=1667,$D$4<220000),'ค่าบำรุงรักษา (ระยะทาง)'!AU9,IF(AND($D$2>=1667,$D$4<240000),'ค่าบำรุงรักษา (ระยะทาง)'!AW9,IF(AND($D$2>=1667,$D$4<250000),'ค่าบำรุงรักษา (ระยะทาง)'!AY9,IF(AND($D$2>=1667,$D$4<260000),'ค่าบำรุงรักษา (ระยะทาง)'!BA9,IF(AND($D$2>=1667,$D$4<270000),'ค่าบำรุงรักษา (ระยะทาง)'!BC9,IF(AND($D$2>=1667,$D$4<280000),'ค่าบำรุงรักษา (ระยะทาง)'!BE9,IF(AND($D$2>=1667,$D$4<290000),'ค่าบำรุงรักษา (ระยะทาง)'!BG9,IF(AND($D$2>=1667,$D$4<300000),'ค่าบำรุงรักษา (ระยะทาง)'!BH7,IF(AND($D$2>=1667,$D$4<310000),'ค่าบำรุงรักษา (ระยะทาง)'!BK9,IF(AND($D$2>=1667,$D$4<320000),'ค่าบำรุงรักษา (ระยะทาง)'!BM9,IF(AND($D$2>=1667,$D$4<330000),'ค่าบำรุงรักษา (ระยะทาง)'!BO9,IF(AND($D$2>=1667,$D$4<340000),'ค่าบำรุงรักษา (ระยะทาง)'!BQ9,IF(AND($D$2>=1667,$D$4<350000),'ค่าบำรุงรักษา (ระยะทาง)'!BS9,IF(AND($D$2>=1667,$D$4<370000),'ค่าบำรุงรักษา (ระยะทาง)'!BW9,IF(AND($D$2>=1667,$D$4<380000),'ค่าบำรุงรักษา (ระยะทาง)'!BY9,IF(AND($D$2>=1667,$D$4<390000),'ค่าบำรุงรักษา (ระยะทาง)'!CA9,IF(AND($D$2>=1667,$D$4<400000),'ค่าบำรุงรักษา (ระยะทาง)'!CC9,IF(AND($D$2>=1667,$D$4<430000),'ค่าบำรุงรักษา (ระยะทาง)'!CI9,IF(AND($D$2>=1667,$D$4<440000),'ค่าบำรุงรักษา (ระยะทาง)'!CK9,IF(AND($D$2>=1667,$D$4<450000),'ค่าบำรุงรักษา (ระยะทาง)'!CM9,IF(AND($D$2>=1667,$D$4<460000),'ค่าบำรุงรักษา (ระยะทาง)'!CO9,IF(AND($D$2>=1667,$D$4<470000),'ค่าบำรุงรักษา (ระยะทาง)'!CQ9,IF(AND($D$2>=1667,$D$4<480000),'ค่าบำรุงรักษา (ระยะทาง)'!CS9,IF(AND($D$2>=1667,$D$4<490000),'ค่าบำรุงรักษา (ระยะทาง)'!CU9)))))))))))))))))))))))))))))))))))))))))))))))))))))))))))))))) -> 3700 | L12: =$D$4*$I$3/B12 -> 52141.935 | M12: =C12+(E12+F12+G12)+(H12+I12)+J12+K12+L12 -> 863637.15
A13: City e | B13: =ค่าพลังงาน!B12 -> 17 | C13: =ราคาเริ่มต้น!B10 -> 749000 | D13: =IF($D$3=1,ราคาเริ่มต้น!D10,IF($D$3=2,ราคาเริ่มต้น!E10,IF($D$3=3,ราคาเริ่มต้น!F10,IF($D$3=4,ราคาเริ่มต้น!G10,IF($D$3=5,ราคาเริ่มต้น!H10,IF($D$3=6,ราคาเริ่มต้น!I10,IF($D$3=7,ราคาเริ่มต้น!J10,IF($D$3=8,ราคาเริ่มต้น!K10,IF($D$3=9,ราคาเริ่มต้น!L10,IF($D$3=10,ราคาเริ่มต้น!M10,IF($D$3=11,ราคาเริ่มต้น!N10,IF($D$3=12,ราคาเริ่มต้น!O10,IF($D$3=13,ราคาเริ่มต้น!P10,IF($D$3=14,ราคาเริ่มต้น!Q10,IF($D$3=15,ราคาเริ่มต้น!R10,IF($D$3=16,ราคาเริ่มต้น!S10,IF($D$3=17,ราคาเริ่มต้น!T10,IF($D$3=18,ราคาเริ่มต้น!U10,IF($D$3=19,ราคาเริ่มต้น!V10,IF($D$3=20,ราคาเริ่มต้น!W10)))))))))))))))))))) -> 632905 | E13: =IF($D$3=1,ภาษีประจำปี!C10,IF($D$3=2,ภาษีประจำปี!E10,IF($D$3=3,ภาษีประจำปี!F10,IF($D$3=4,ภาษีประจำปี!I10,IF($D$3=5,ภาษีประจำปี!K10,IF($D$3=6,ภาษีประจำปี!M10,IF($D$3=7,ภาษีประจำปี!O10,IF($D$3=8,ภาษีประจำปี!Q10,IF($D$3=9,ภาษีประจำปี!S10,IF($D$3=10,ภาษีประจำปี!U10,IF($D$3=11,ภาษีประจำปี!W10,IF($D$3=12,ภาษีประจำปี!Y10,IF($D$3=13,ภาษีประจำปี!AA10,IF($D$3=14,ภาษีประจำปี!AC10,IF($D$3=15,ภาษีประจำปี!AE10,IF($D$3=16,ภาษีประจำปี!AG10,IF($D$3=17,ภาษีประจำปี!AI10,IF($D$3=18,ภาษีประจำปี!AK10,IF($D$3=19,ภาษีประจำปี!AM10,IF($D$3=20,ภาษีประจำปี!AO10)))))))))))))))))))) -> 1647 | F13: =IF($D$3=1,ประกันภัยบังคับ!B10,IF($D$3=2,ประกันภัยบังคับ!C10,IF($D$3=3,ประกันภัยบังคับ!D10,IF($D$3=4,ประกันภัยบังคับ!E10,IF($D$3=5,ประกันภัยบังคับ!F10,IF($D$3=6,ประกันภัยบังคับ!G10,IF($D$3=7,ประกันภัยบังคับ!H10,IF($D$3=8,ประกันภัยบังคับ!I10,IF($D$3=9,ประกันภัยบังคับ!J10,IF($D$3=10,ประกันภัยบังคับ!K10,IF($D$3=11,ประกันภัยบังคับ!L10,IF($D$3=12,ประกันภัยบังคับ!M10,IF($D$3=13,ประกันภัยบังคับ!N10,IF($D$3=14,ประกันภัยบังคับ!O10,IF($D$3=15,ประกันภัยบังคับ!P10,IF($D$3=16,ประกันภัยบังคับ!Q10,IF($D$3=17,ประกันภัยบังคับ!R10,IF($D$3=18,ประกันภัยบังคับ!S10,IF($D$3=19,ประกันภัยบังคับ!T10,IF($D$3=20,ประกันภัยบังคับ!U10)))))))))))))))))))) -> 645.21 | G13: =IF($D$3=1,ประกันภัยชั้น1!C10,IF($D$3=2,ประกันภัยชั้น1!E10,IF($D$3=3,ประกันภัยชั้น1!G10,IF($D$3=4,ประกันภัยชั้น1!I10,IF($D$3=5,ประกันภัยชั้น1!K10,IF($D$3=6,ประกันภัยชั้น1!M10,IF($D$3=7,ประกันภัยชั้น1!O10,IF($D$3=8,ประกันภัยชั้น1!Q10,IF($D$3=9,ประกันภัยชั้น1!S10,IF($D$3=10,ประกันภัยชั้น1!U10,IF($D$3=11,ประกันภัยชั้น1!W10,IF($D$3=12,ประกันภัยชั้น1!Y10,IF($D$3=13,ประกันภัยชั้น1!AA10,IF($D$3=14,ประกันภัยชั้น1!AC10,IF($D$3=15,ประกันภัยชั้น1!AE10,IF($D$3=16,ประกันภัยชั้น1!AG10,IF($D$3=17,ประกันภัยชั้น1!AI10,IF($D$3=18,ประกันภัยชั้น1!AK10,IF($D$3=19,ประกันภัยชั้น1!AM10,IF($D$3=20,ประกันภัยชั้น1!AO10)))))))))))))))))))) -> 20000 | H13: =IF(AND($D$2<1667,$D$3=1),'ยางรถ (ปี)'!B12,IF(AND($D$2<1667,$D$3=2),'ยางรถ (ปี)'!C12,IF(AND($D$2<1667,$D$3=3),'ยางรถ (ปี)'!D12,IF(AND($D$2<1667,$D$3=4),'ยางรถ (ปี)'!D12,IF(AND($D$2<1667,$D$3=5),'ยางรถ (ปี)'!D12,IF(AND($D$2<1667,$D$3=6),'ยางรถ (ปี)'!G12,IF(AND($D$2<1667,$D$3=7),'ยางรถ (ปี)'!G12,IF(AND($D$2<1667,$D$3=8),'ยางรถ (ปี)'!G12,IF(AND($D$2<1667,$D$3=9),'ยางรถ (ปี)'!J12,IF(AND($D$2<1667,$D$3=10),'ยางรถ (ปี)'!J12,IF(AND($D$2<1667,$D$3=11),'ยางรถ (ปี)'!J12,IF(AND($D$2<1667,$D$3=12),'ยางรถ (ปี)'!M12,IF(AND($D$2<1667,$D$3=13),'ยางรถ (ปี)'!M12,IF(AND($D$2<1667,$D$3=14),'ยางรถ (ปี)'!M12,IF(AND($D$2<1667,$D$3=15),'ยางรถ (ปี)'!P12,IF(AND($D$2<1667,$D$3=16),'ยางรถ (ปี)'!P12,IF(AND($D$2<1667,$D$3=17),'ยางรถ (ปี)'!P12,IF(AND($D$2<1667,$D$3=18),'ยางรถ (ปี)'!S12,IF(AND($D$2<1667,$D$3=19),'ยางรถ (ปี)'!S12,IF(AND($D$2<1667,$D$3=20),'ยางรถ (ปี)'!S12,IF(AND($D$2<1667,$D$3=21),'ยางรถ (ปี)'!V12,IF(AND($D$2>=1667,$D$4<50000),0,IF(AND($D$2>=1667, $D$4<100000),'ยางรถ(ระยะทาง)'!G10,IF(AND($D$2>=1667, $D$4<150000),'ยางรถ(ระยะทาง)'!M10,IF(AND($D$2>=1667, $D$4<200000),'ยางรถ(ระยะทาง)'!S10,IF(AND($D$2>=1667, $D$4<250000),'ยางรถ(ระยะทาง)'!Y10,IF(AND($D$2>=1667, $D$4<300000),'ยางรถ(ระยะทาง)'!AF10,IF(AND($D$2>=1667, $D$4<350000),'ยางรถ(ระยะทาง)'!AL10,IF(AND($D$2>=1667, $D$4<400000),'ยางรถ(ระยะทาง)'!AR10,IF(AND($D$2>=1667, $D$4<450000),'ยางรถ(ระยะทาง)'!AX10,IF(AND($D$2>=1667, $D$4<500000),'ยางรถ(ระยะทาง)'!BD10,IF(AND($D$2>=1667, $D$4<550000),'ยางรถ(ระยะทาง)'!BJ10,IF(AND($D$2>=1667, $D$4<600000),'ยางรถ(ระยะทาง)'!BL10,IF(AND($D$2>=1667, $D$4<650000),'ยางรถ(ระยะทาง)'!BN10,IF(AND($D$2>=1667, $D$4<700000),'ยางรถ(ระยะทาง)'!BP10,IF(AND($D$2>=1667, $D$4<750000),'ยางรถ(ระยะทาง)'!BR10,IF(AND($D$2>=1667, $D$4<800000),'ยางรถ(ระยะทาง)'!BV10))))))))))))))))))))))))))))))))))))) -> 0 | I13: =IF(AND($D$2<1667,$D$3=1),'แบตเตอร์รี่ (ปี)'!B10,IF(AND($D$2<1667,$D$3=2),'แบตเตอร์รี่ (ปี)'!C10,IF(AND($D$2<1667,$D$3=3),'แบตเตอร์รี่ (ปี)'!C10,IF(AND($D$2<1667,$D$3=4),'แบตเตอร์รี่ (ปี)'!E10,IF(AND($D$2<1667,$D$3=5),'แบตเตอร์รี่ (ปี)'!E10,IF(AND($D$2<1667,$D$3=6),'แบตเตอร์รี่ (ปี)'!G10,IF(AND($D$2<1667,$D$3=7),'แบตเตอร์รี่ (ปี)'!G10,IF(AND($D$2<1667,$D$3=8),'แบตเตอร์รี่ (ปี)'!I10,IF(AND($D$2<1667,$D$3=9),'แบตเตอร์รี่ (ปี)'!I10,IF(AND($D$2<1667,$D$3=10),'แบตเตอร์รี่ (ปี)'!K10,IF(AND($D$2<1667,$D$3=11),'แบตเตอร์รี่ (ปี)'!K10,IF(AND($D$2<1667,$D$3=12),'แบตเตอร์รี่ (ปี)'!M10,IF(AND($D$2<1667,$D$3=13),'แบตเตอร์รี่ (ปี)'!M10,IF(AND($D$2<1667,$D$3=14),'แบตเตอร์รี่ (ปี)'!O10,IF(AND($D$2<1667,$D$3=15),'แบตเตอร์รี่ (ปี)'!O10,IF(AND($D$2<1667,$D$3=16),'แบตเตอร์รี่ (ปี)'!Q10,IF(AND($D$2<1667,$D$3=17),'แบตเตอร์รี่ (ปี)'!Q10,IF(AND($D$2<1667,$D$3=18),'แบตเตอร์รี่ (ปี)'!S10,IF(AND($D$2<1667,$D$3=19),'แบตเตอร์รี่ (ปี)'!S10,IF(AND($D$2<1667,$D$3=20),'แบตเตอร์รี่ (ปี)'!U10,IF(AND($D$2>=1667,$D$4<40000),0,IF(AND($D$2>=1667,$D$4<80000),'แบตเตอรี(ระยะทาง) '!E10,IF(AND($D$2>=1667,$D$4<120000),'แบตเตอรี(ระยะทาง) '!I10,IF(AND($D$2>=1667,$D$4<160000),'แบตเตอรี(ระยะทาง) '!M10,IF(AND($D$2>=1667,$D$4<200000),'แบตเตอรี(ระยะทาง) '!Q10,IF(AND($D$2>=1667,$D$4<240000),'แบตเตอรี(ระยะทาง) '!E10,IF(AND($D$2>=1667,$D$4<280000),'แบตเตอรี(ระยะทาง) '!Y10,IF(AND($D$2>=1667,$D$4<320000),'แบตเตอรี(ระยะทาง) '!AC10,IF(AND($D$2>=1667,$D$4<360000),'แบตเตอรี(ระยะทาง) '!AG10,IF(AND($D$2>=1667,$D$4<400000),'แบตเตอรี(ระยะทาง) '!AK10,IF(AND($D$2>=1667,$D$4<440000),'แบตเตอรี(ระยะทาง) '!AO10,IF(AND($D$2>=1667,$D$4<480000),'แบตเตอรี(ระยะทาง) '!AS10,IF(AND($D$2>=1667,$D$4<50000),'แบตเตอรี(ระยะทาง) '!AW10,))))))))))))))))))))))))))))))))) -> 0 | J13: =IF(AND($D$2<1667,$D$3=1),'แบตเตอรีไฟฟ้า (ปี)'!B10,IF(AND($D$2<1667,$D$3=2),'แบตเตอรีไฟฟ้า (ปี)'!C10,IF(AND($D$2<1667,$D$3=3),'แบตเตอรีไฟฟ้า (ปี)'!D10,IF(AND($D$2<1667,$D$3=4),'แบตเตอรีไฟฟ้า (ปี)'!E10,IF(AND($D$2<1667,$D$3=5),'แบตเตอรีไฟฟ้า (ปี)'!F10,IF(AND($D$2<1667,$D$3=6),'แบตเตอรีไฟฟ้า (ปี)'!G10,IF(AND($D$2<1667,$D$3=7),'แบตเตอรีไฟฟ้า (ปี)'!H10,IF(AND($D$2<1667,$D$3=8),'แบตเตอรีไฟฟ้า (ปี)'!I10,IF(AND($D$2<1667,$D$3=9),'แบตเตอรีไฟฟ้า (ปี)'!I10,IF(AND($D$2<1667,$D$3=10),'แบตเตอรีไฟฟ้า (ปี)'!K10,IF(AND($D$2<1667,$D$3=11),'แบตเตอรีไฟฟ้า (ปี)'!I10,IF(AND($D$2<1667,$D$3=12),'แบตเตอรีไฟฟ้า (ปี)'!I10,IF(AND($D$2<1667,$D$3=13),'แบตเตอรีไฟฟ้า (ปี)'!I10,IF(AND($D$2<1667,$D$3=14),'แบตเตอรีไฟฟ้า (ปี)'!I10,IF(AND($D$2<1667,$D$3=15),'แบตเตอรีไฟฟ้า (ปี)'!I10,IF(AND($D$2<1667,$D$3=16),'แบตเตอรีไฟฟ้า (ปี)'!Q10,IF(AND($D$2<1667,$D$3=17),'แบตเตอรีไฟฟ้า (ปี)'!Q10,IF(AND($D$2<1667,$D$3=18),'แบตเตอรีไฟฟ้า (ปี)'!Q10,IF(AND($D$2<1667,$D$3=19),'แบตเตอรีไฟฟ้า (ปี)'!Q10,IF(AND($D$2<1667,$D$3=20),'แบตเตอรีไฟฟ้า (ปี)'!Q10,IF(AND($D$2>=1667,$D$4<170000),0,IF(AND($D$2>=1667,$D$4<340000),'แบตเตอรีรถไฟฟ้า(ระยะทาง)'!R10,IF(AND($D$2>=1667,$D$4<510000),'แบตเตอรีรถไฟฟ้า(ระยะทาง)'!AI10,))))))))))))))))))))))) -> 0 | K13: =IF(AND($D$2<1667,$D$3=1),'ค่าบำรุงรักษา(ปี)'!F10,IF(AND($D$2<1667,$D$3=2),'ค่าบำรุงรักษา(ปี)'!J10,IF(AND($D$2<1667,$D$3=3),'ค่าบำรุงรักษา(ปี)'!N10,IF(AND($D$2<1667,$D$3=4),'ค่าบำรุงรักษา(ปี)'!R10,IF(AND($D$2<1667,$D$3=5),'ค่าบำรุงรักษา(ปี)'!V10,IF(AND($D$2<1667,$D$3=6),'ค่าบำรุงรักษา(ปี)'!Z10,IF(AND($D$2<1667,$D$3=7),'ค่าบำรุงรักษา(ปี)'!AD10,IF(AND($D$2<1667,$D$3=8),'ค่าบำรุงรักษา(ปี)'!AH10,IF(AND($D$2<1667,$D$3=9),'ค่าบำรุงรักษา(ปี)'!AL10,IF(AND($D$2<1667,$D$3=10),'ค่าบำรุงรักษา(ปี)'!AP10,IF(AND($D$2<1667,$D$3=11),'ค่าบำรุงรักษา(ปี)'!AT10,IF(AND($D$2<1667,$D$3=12),'ค่าบำรุงรักษา(ปี)'!AX10,IF(AND($D$2<1667,$D$3=13),'ค่าบำรุงรักษา(ปี)'!BB10,IF(AND($D$2<1667,$D$3=14),'ค่าบำรุงรักษา(ปี)'!BF10,IF(AND($D$2<1667,$D$3=15),'ค่าบำรุงรักษา(ปี)'!BJ10,IF(AND($D$2<1667,$D$3=16),'ค่าบำรุงรักษา(ปี)'!BN10,IF(AND($D$2<1667,$D$3=17),'ค่าบำรุงรักษา(ปี)'!BR10,IF(AND($D$2<1667,$D$3=18),'ค่าบำรุงรักษา(ปี)'!BV10,IF(AND($D$2<1667,$D$3=19),'ค่าบำรุงรักษา(ปี)'!BZ10,IF(AND($D$2<1667,$D$3=20),'ค่าบำรุงรักษา(ปี)'!CD10,IF(AND($D$2>=1667,$D$4<30000),'ค่าบำรุงรักษา (ระยะทาง)'!G10,IF(AND($D$2>=1667,$D$4<40000),'ค่าบำรุงรักษา (ระยะทาง)'!I10,IF(AND($D$2>=1667,$D$4<50000),'ค่าบำรุงรักษา (ระยะทาง)'!K10,IF(AND($D$2>=1667,$D$4<60000),'ค่าบำรุงรักษา (ระยะทาง)'!M10,IF(AND($D$2>=1667,$D$4<70000),'ค่าบำรุงรักษา (ระยะทาง)'!O10,IF(AND($D$2>=1667,$D$4<80000),'ค่าบำรุงรักษา (ระยะทาง)'!Q10,IF(AND($D$2>=1667,$D$4<90000),'ค่าบำรุงรักษา (ระยะทาง)'!S10,IF(AND($D$2>=1667,$D$4<100000),'ค่าบำรุงรักษา (ระยะทาง)'!U10,IF(AND($D$2>=1667,$D$4<110000),'ค่าบำรุงรักษา (ระยะทาง)'!W10,IF(AND($D$2>=1667,$D$4<120000),'ค่าบำรุงรักษา (ระยะทาง)'!Y10,IF(AND($D$2>=1667,$D$4<130000),'ค่าบำรุงรักษา (ระยะทาง)'!AA10,IF(AND($D$2>=1667,$D$4<140000),'ค่าบำรุงรักษา (ระยะทาง)'!AC10,IF(AND($D$2>=1667,$D$4<150000),'ค่าบำรุงรักษา (ระยะทาง)'!AE10,IF(AND($D$2>=1667,$D$4<160000),'ค่าบำรุงรักษา (ระยะทาง)'!AG10,IF(AND($D$2>=1667,$D$4<170000),'ค่าบำรุงรักษา (ระยะทาง)'!AI10,IF(AND($D$2>=1667,$D$4<180000),'ค่าบำรุงรักษา (ระยะทาง)'!AK10,IF(AND($D$2>=1667,$D$4<190000),'ค่าบำรุงรักษา (ระยะทาง)'!AM10,IF(AND($D$2>=1667,$D$4<200000),'ค่าบำรุงรักษา (ระยะทาง)'!AO10,IF(AND($D$2>=1667,$D$4<210000),'ค่าบำรุงรักษา (ระยะทาง)'!AQ10,IF(AND($D$2>=1667,$D$4<220000),'ค่าบำรุงรักษา (ระยะทาง)'!AS10,IF(AND($D$2>=1667,$D$4<220000),'ค่าบำรุงรักษา (ระยะทาง)'!AU10,IF(AND($D$2>=1667,$D$4<240000),'ค่าบำรุงรักษา (ระยะทาง)'!AW10,IF(AND($D$2>=1667,$D$4<250000),'ค่าบำรุงรักษา (ระยะทาง)'!AY10,IF(AND($D$2>=1667,$D$4<260000),'ค่าบำรุงรักษา (ระยะทาง)'!BA10,IF(AND($D$2>=1667,$D$4<270000),'ค่าบำรุงรักษา (ระยะทาง)'!BC10,IF(AND($D$2>=1667,$D$4<280000),'ค่าบำรุงรักษา (ระยะทาง)'!BE10,IF(AND($D$2>=1667,$D$4<290000),'ค่าบำรุงรักษา (ระยะทาง)'!BG10,IF(AND($D$2>=1667,$D$4<300000),'ค่าบำรุงรักษา (ระยะทาง)'!BH8,IF(AND($D$2>=1667,$D$4<310000),'ค่าบำรุงรักษา (ระยะทาง)'!BK10,IF(AND($D$2>=1667,$D$4<320000),'ค่าบำรุงรักษา (ระยะทาง)'!BM10,IF(AND($D$2>=1667,$D$4<330000),'ค่าบำรุงรักษา (ระยะทาง)'!BO10,IF(AND($D$2>=1667,$D$4<340000),'ค่าบำรุงรักษา (ระยะทาง)'!BQ10,IF(AND($D$2>=1667,$D$4<350000),'ค่าบำรุงรักษา (ระยะทาง)'!BS10,IF(AND($D$2>=1667,$D$4<370000),'ค่าบำรุงรักษา (ระยะทาง)'!BW10,IF(AND($D$2>=1667,$D$4<380000),'ค่าบำรุงรักษา (ระยะทาง)'!BY10,IF(AND($D$2>=1667,$D$4<390000),'ค่าบำรุงรักษา (ระยะทาง)'!CA10,IF(AND($D$2>=1667,$D$4<400000),'ค่าบำรุงรักษา (ระยะทาง)'!CC10,IF(AND($D$2>=1667,$D$4<430000),'ค่าบำรุงรักษา (ระยะทาง)'!CI10,IF(AND($D$2>=1667,$D$4<440000),'ค่าบำรุงรักษา (ระยะทาง)'!CK10,IF(AND($D$2>=1667,$D$4<450000),'ค่าบำรุงรักษา (ระยะทาง)'!CM10,IF(AND($D$2>=1667,$D$4<460000),'ค่าบำรุงรักษา (ระยะทาง)'!CO10,IF(AND($D$2>=1667,$D$4<470000),'ค่าบำรุงรักษา (ระยะทาง)'!CQ10,IF(AND($D$2>=1667,$D$4<480000),'ค่าบำรุงรักษา (ระยะทาง)'!CS10,IF(AND($D$2>=1667,$D$4<490000),'ค่าบำรุงรักษา (ระยะทาง)'!CU10)))))))))))))))))))))))))))))))))))))))))))))))))))))))))))))))) -> 4300 | L13: =$D$4*$I$3/B13 -> 47541.176 | M13: =C13+(E13+F13+G13)+(H13+I13)+J13+K13+L13 -> 823133.39
A14: Masda2(ดีเซล) | B14: =ค่าพลังงาน!B13 -> 25.1 | C14: =ราคาเริ่มต้น!B11 -> 749000 | D14: =IF($D$3=1,ราคาเริ่มต้น!D11,IF($D$3=2,ราคาเริ่มต้น!E11,IF($D$3=3,ราคาเริ่มต้น!F11,IF($D$3=4,ราคาเริ่มต้น!G11,IF($D$3=5,ราคาเริ่มต้น!H11,IF($D$3=6,ราคาเริ่มต้น!I11,IF($D$3=7,ราคาเริ่มต้น!J11,IF($D$3=8,ราคาเริ่มต้น!K11,IF($D$3=9,ราคาเริ่มต้น!L11,IF($D$3=10,ราคาเริ่มต้น!M11,IF($D$3=11,ราคาเริ่มต้น!N11,IF($D$3=12,ราคาเริ่มต้น!O11,IF($D$3=13,ราคาเริ่มต้น!P11,IF($D$3=14,ราคาเริ่มต้น!Q11,IF($D$3=15,ราคาเริ่มต้น!R11,IF($D$3=16,ราคาเริ่มต้น!S11,IF($D$3=17,ราคาเริ่มต้น!T11,IF($D$3=18,ราคาเริ่มต้น!U11,IF($D$3=19,ราคาเริ่มต้น!V11,IF($D$3=20,ราคาเริ่มต้น!W11)))))))))))))))))))) -> 636650 | E14: =IF($D$3=1,ภาษีประจำปี!C11,IF($D$3=2,ภาษีประจำปี!E11,IF($D$3=3,ภาษีประจำปี!F11,IF($D$3=4,ภาษีประจำปี!I11,IF($D$3=5,ภาษีประจำปี!K11,IF($D$3=6,ภาษีประจำปี!M11,IF($D$3=7,ภาษีประจำปี!O11,IF($D$3=8,ภาษีประจำปี!Q11,IF($D$3=9,ภาษีประจำปี!S11,IF($D$3=10,ภาษีประจำปี!U11,IF($D$3=11,ภาษีประจำปี!W11,IF($D$3=12,ภาษีประจำปี!Y11,IF($D$3=13,ภาษีประจำปี!AA11,IF($D$3=14,ภาษีประจำปี!AC11,IF($D$3=15,ภาษีประจำปี!AE11,IF($D$3=16,ภาษีประจำปี!AG11,IF($D$3=17,ภาษีประจำปี!AI11,IF($D$3=18,ภาษีประจำปี!AK11,IF($D$3=19,ภาษีประจำปี!AM11,IF($D$3=20,ภาษีประจำปี!AO11)))))))))))))))))))) -> 1649 | F14: =IF($D$3=1,ประกันภัยบังคับ!B11,IF($D$3=2,ประกันภัยบังคับ!C11,IF($D$3=3,ประกันภัยบังคับ!D11,IF($D$3=4,ประกันภัยบังคับ!E11,IF($D$3=5,ประกันภัยบังคับ!F11,IF($D$3=6,ประกันภัยบังคับ!G11,IF($D$3=7,ประกันภัยบังคับ!H11,IF($D$3=8,ประกันภัยบังคับ!I11,IF($D$3=9,ประกันภัยบังคับ!J11,IF($D$3=10,ประกันภัยบังคับ!K11,IF($D$3=11,ประกันภัยบังคับ!L11,IF($D$3=12,ประกันภัยบังคับ!M11,IF($D$3=13,ประกันภัยบังคับ!N11,IF($D$3=14,ประกันภัยบังคับ!O11,IF($D$3=15,ประกันภัยบังคับ!P11,IF($D$3=16,ประกันภัยบังคับ!Q11,IF($D$3=17,ประกันภัยบังคับ!R11,IF($D$3=18,ประกันภัยบังคับ!S11,IF($D$3=19,ประกันภัยบังคับ!T11,IF($D$3=20,ประกันภัยบังคับ!U11)))))))))))))))))))) -> 645.21 | G14: =IF($D$3=1,ประกันภัยชั้น1!C11,IF($D$3=2,ประกันภัยชั้น1!E11,IF($D$3=3,ประกันภัยชั้น1!G11,IF($D$3=4,ประกันภัยชั้น1!I11,IF($D$3=5,ประกันภัยชั้น1!K11,IF($D$3=6,ประกันภัยชั้น1!M11,IF($D$3=7,ประกันภัยชั้น1!O11,IF($D$3=8,ประกันภัยชั้น1!Q11,IF($D$3=9,ประกันภัยชั้น1!S11,IF($D$3=10,ประกันภัยชั้น1!U11,IF($D$3=11,ประกันภัยชั้น1!W11,IF($D$3=12,ประกันภัยชั้น1!Y11,IF($D$3=13,ประกันภัยชั้น1!AA11,IF($D$3=14,ประกันภัยชั้น1!AC11,IF($D$3=15,ประกันภัยชั้น1!AE11,IF($D$3=16,ประกันภัยชั้น1!AG11,IF($D$3=17,ประกันภัยชั้น1!AI11,IF($D$3=18,ประกันภัยชั้น1!AK11,IF($D$3=19,ประกันภัยชั้น1!AM11,IF($D$3=20,ประกันภัยชั้น1!AO11)))))))))))))))))))) -> 25645 | H14: =IF(AND($D$2<1667,$D$3=1),'ยางรถ (ปี)'!B13,IF(AND($D$2<1667,$D$3=2),'ยางรถ (ปี)'!C13,IF(AND($D$2<1667,$D$3=3),'ยางรถ (ปี)'!D13,IF(AND($D$2<1667,$D$3=4),'ยางรถ (ปี)'!D13,IF(AND($D$2<1667,$D$3=5),'ยางรถ (ปี)'!D13,IF(AND($D$2<1667,$D$3=6),'ยางรถ (ปี)'!G13,IF(AND($D$2<1667,$D$3=7),'ยางรถ (ปี)'!G13,IF(AND($D$2<1667,$D$3=8),'ยางรถ (ปี)'!G13,IF(AND($D$2<1667,$D$3=9),'ยางรถ (ปี)'!J13,IF(AND($D$2<1667,$D$3=10),'ยางรถ (ปี)'!J13,IF(AND($D$2<1667,$D$3=11),'ยางรถ (ปี)'!J13,IF(AND($D$2<1667,$D$3=12),'ยางรถ (ปี)'!M13,IF(AND($D$2<1667,$D$3=13),'ยางรถ (ปี)'!M13,IF(AND($D$2<1667,$D$3=14),'ยางรถ (ปี)'!M13,IF(AND($D$2<1667,$D$3=15),'ยางรถ (ปี)'!P13,IF(AND($D$2<1667,$D$3=16),'ยางรถ (ปี)'!P13,IF(AND($D$2<1667,$D$3=17),'ยางรถ (ปี)'!P13,IF(AND($D$2<1667,$D$3=18),'ยางรถ (ปี)'!S13,IF(AND($D$2<1667,$D$3=19),'ยางรถ (ปี)'!S13,IF(AND($D$2<1667,$D$3=20),'ยางรถ (ปี)'!S13,IF(AND($D$2<1667,$D$3=21),'ยางรถ (ปี)'!V13,IF(AND($D$2>=1667,$D$4<50000),0,IF(AND($D$2>=1667, $D$4<100000),'ยางรถ(ระยะทาง)'!G11,IF(AND($D$2>=1667, $D$4<150000),'ยางรถ(ระยะทาง)'!M11,IF(AND($D$2>=1667, $D$4<200000),'ยางรถ(ระยะทาง)'!S11,IF(AND($D$2>=1667, $D$4<250000),'ยางรถ(ระยะทาง)'!Y11,IF(AND($D$2>=1667, $D$4<300000),'ยางรถ(ระยะทาง)'!AF11,IF(AND($D$2>=1667, $D$4<350000),'ยางรถ(ระยะทาง)'!AL11,IF(AND($D$2>=1667, $D$4<400000),'ยางรถ(ระยะทาง)'!AR11,IF(AND($D$2>=1667, $D$4<450000),'ยางรถ(ระยะทาง)'!AX11,IF(AND($D$2>=1667, $D$4<500000),'ยางรถ(ระยะทาง)'!BD11,IF(AND($D$2>=1667, $D$4<550000),'ยางรถ(ระยะทาง)'!BJ11,IF(AND($D$2>=1667, $D$4<600000),'ยางรถ(ระยะทาง)'!BL11,IF(AND($D$2>=1667, $D$4<650000),'ยางรถ(ระยะทาง)'!BN11,IF(AND($D$2>=1667, $D$4<700000),'ยางรถ(ระยะทาง)'!BP11,IF(AND($D$2>=1667, $D$4<750000),'ยางรถ(ระยะทาง)'!BR11,IF(AND($D$2>=1667, $D$4<800000),'ยางรถ(ระยะทาง)'!BV11))))))))))))))))))))))))))))))))))))) -> 0 | I14: =IF(AND($D$2<1667,$D$3=1),'แบตเตอร์รี่ (ปี)'!B11,IF(AND($D$2<1667,$D$3=2),'แบตเตอร์รี่ (ปี)'!C11,IF(AND($D$2<1667,$D$3=3),'แบตเตอร์รี่ (ปี)'!C11,IF(AND($D$2<1667,$D$3=4),'แบตเตอร์รี่ (ปี)'!E11,IF(AND($D$2<1667,$D$3=5),'แบตเตอร์รี่ (ปี)'!E11,IF(AND($D$2<1667,$D$3=6),'แบตเตอร์รี่ (ปี)'!G11,IF(AND($D$2<1667,$D$3=7),'แบตเตอร์รี่ (ปี)'!G11,IF(AND($D$2<1667,$D$3=8),'แบตเตอร์รี่ (ปี)'!I11,IF(AND($D$2<1667,$D$3=9),'แบตเตอร์รี่ (ปี)'!I11,IF(AND($D$2<1667,$D$3=10),'แบตเตอร์รี่ (ปี)'!K11,IF(AND($D$2<1667,$D$3=11),'แบตเตอร์รี่ (ปี)'!K11,IF(AND($D$2<1667,$D$3=12),'แบตเตอร์รี่ (ปี)'!M11,IF(AND($D$2<1667,$D$3=13),'แบตเตอร์รี่ (ปี)'!M11,IF(AND($D$2<1667,$D$3=14),'แบตเตอร์รี่ (ปี)'!O11,IF(AND($D$2<1667,$D$3=15),'แบตเตอร์รี่ (ปี)'!O11,IF(AND($D$2<1667,$D$3=16),'แบตเตอร์รี่ (ปี)'!Q11,IF(AND($D$2<1667,$D$3=17),'แบตเตอร์รี่ (ปี)'!Q11,IF(AND($D$2<1667,$D$3=18),'แบตเตอร์รี่ (ปี)'!S11,IF(AND($D$2<1667,$D$3=19),'แบตเตอร์รี่ (ปี)'!S11,IF(AND($D$2<1667,$D$3=20),'แบตเตอร์รี่ (ปี)'!U11,IF(AND($D$2>=1667,$D$4<40000),0,IF(AND($D$2>=1667,$D$4<80000),'แบตเตอรี(ระยะทาง) '!E11,IF(AND($D$2>=1667,$D$4<120000),'แบตเตอรี(ระยะทาง) '!I11,IF(AND($D$2>=1667,$D$4<160000),'แบตเตอรี(ระยะทาง) '!M11,IF(AND($D$2>=1667,$D$4<200000),'แบตเตอรี(ระยะทาง) '!Q11,IF(AND($D$2>=1667,$D$4<240000),'แบตเตอรี(ระยะทาง) '!E11,IF(AND($D$2>=1667,$D$4<280000),'แบตเตอรี(ระยะทาง) '!Y11,IF(AND($D$2>=1667,$D$4<320000),'แบตเตอรี(ระยะทาง) '!AC11,IF(AND($D$2>=1667,$D$4<360000),'แบตเตอรี(ระยะทาง) '!AG11,IF(AND($D$2>=1667,$D$4<400000),'แบตเตอรี(ระยะทาง) '!AK11,IF(AND($D$2>=1667,$D$4<440000),'แบตเตอรี(ระยะทาง) '!AO11,IF(AND($D$2>=1667,$D$4<480000),'แบตเตอรี(ระยะทาง) '!AS11,IF(AND($D$2>=1667,$D$4<50000),'แบตเตอรี(ระยะทาง) '!AW11,))))))))))))))))))))))))))))))))) -> 0 | J14: =IF(AND($D$2<1667,$D$3=1),'แบตเตอรีไฟฟ้า (ปี)'!B11,IF(AND($D$2<1667,$D$3=2),'แบตเตอรีไฟฟ้า (ปี)'!C11,IF(AND($D$2<1667,$D$3=3),'แบตเตอรีไฟฟ้า (ปี)'!D11,IF(AND($D$2<1667,$D$3=4),'แบตเตอรีไฟฟ้า (ปี)'!E11,IF(AND($D$2<1667,$D$3=5),'แบตเตอรีไฟฟ้า (ปี)'!F11,IF(AND($D$2<1667,$D$3=6),'แบตเตอรีไฟฟ้า (ปี)'!G11,IF(AND($D$2<1667,$D$3=7),'แบตเตอรีไฟฟ้า (ปี)'!H11,IF(AND($D$2<1667,$D$3=8),'แบตเตอรีไฟฟ้า (ปี)'!I11,IF(AND($D$2<1667,$D$3=9),'แบตเตอรีไฟฟ้า (ปี)'!I11,IF(AND($D$2<1667,$D$3=10),'แบตเตอรีไฟฟ้า (ปี)'!K11,IF(AND($D$2<1667,$D$3=11),'แบตเตอรีไฟฟ้า (ปี)'!I11,IF(AND($D$2<1667,$D$3=12),'แบตเตอรีไฟฟ้า (ปี)'!I11,IF(AND($D$2<1667,$D$3=13),'แบตเตอรีไฟฟ้า (ปี)'!I11,IF(AND($D$2<1667,$D$3=14),'แบตเตอรีไฟฟ้า (ปี)'!I11,IF(AND($D$2<1667,$D$3=15),'แบตเตอรีไฟฟ้า (ปี)'!I11,IF(AND($D$2<1667,$D$3=16),'แบตเตอรีไฟฟ้า (ปี)'!Q11,IF(AND($D$2<1667,$D$3=17),'แบตเตอรีไฟฟ้า (ปี)'!Q11,IF(AND($D$2<1667,$D$3=18),'แบตเตอรีไฟฟ้า (ปี)'!Q11,IF(AND($D$2<1667,$D$3=19),'แบตเตอรีไฟฟ้า (ปี)'!Q11,IF(AND($D$2<1667,$D$3=20),'แบตเตอรีไฟฟ้า (ปี)'!Q11,IF(AND($D$2>=1667,$D$4<170000),0,IF(AND($D$2>=1667,$D$4<340000),'แบตเตอรีรถไฟฟ้า(ระยะทาง)'!R11,IF(AND($D$2>=1667,$D$4<510000),'แบตเตอรีรถไฟฟ้า(ระยะทาง)'!AI11,))))))))))))))))))))))) -> 0 | K14: =IF(AND($D$2<1667,$D$3=1),'ค่าบำรุงรักษา(ปี)'!F11,IF(AND($D$2<1667,$D$3=2),'ค่าบำรุงรักษา(ปี)'!J11,IF(AND($D$2<1667,$D$3=3),'ค่าบำรุงรักษา(ปี)'!N11,IF(AND($D$2<1667,$D$3=4),'ค่าบำรุงรักษา(ปี)'!R11,IF(AND($D$2<1667,$D$3=5),'ค่าบำรุงรักษา(ปี)'!V11,IF(AND($D$2<1667,$D$3=6),'ค่าบำรุงรักษา(ปี)'!Z11,IF(AND($D$2<1667,$D$3=7),'ค่าบำรุงรักษา(ปี)'!AD11,IF(AND($D$2<1667,$D$3=8),'ค่าบำรุงรักษา(ปี)'!AH11,IF(AND($D$2<1667,$D$3=9),'ค่าบำรุงรักษา(ปี)'!AL11,IF(AND($D$2<1667,$D$3=10),'ค่าบำรุงรักษา(ปี)'!AP11,IF(AND($D$2<1667,$D$3=11),'ค่าบำรุงรักษา(ปี)'!AT11,IF(AND($D$2<1667,$D$3=12),'ค่าบำรุงรักษา(ปี)'!AX11,IF(AND($D$2<1667,$D$3=13),'ค่าบำรุงรักษา(ปี)'!BB11,IF(AND($D$2<1667,$D$3=14),'ค่าบำรุงรักษา(ปี)'!BF11,IF(AND($D$2<1667,$D$3=15),'ค่าบำรุงรักษา(ปี)'!BJ11,IF(AND($D$2<1667,$D$3=16),'ค่าบำรุงรักษา(ปี)'!BN11,IF(AND($D$2<1667,$D$3=17),'ค่าบำรุงรักษา(ปี)'!BR11,IF(AND($D$2<1667,$D$3=18),'ค่าบำรุงรักษา(ปี)'!BV11,IF(AND($D$2<1667,$D$3=19),'ค่าบำรุงรักษา(ปี)'!BZ11,IF(AND($D$2<1667,$D$3=20),'ค่าบำรุงรักษา(ปี)'!CD11,IF(AND($D$2>=1667,$D$4<30000),'ค่าบำรุงรักษา (ระยะทาง)'!G11,IF(AND($D$2>=1667,$D$4<40000),'ค่าบำรุงรักษา (ระยะทาง)'!I11,IF(AND($D$2>=1667,$D$4<50000),'ค่าบำรุงรักษา (ระยะทาง)'!K11,IF(AND($D$2>=1667,$D$4<60000),'ค่าบำรุงรักษา (ระยะทาง)'!M11,IF(AND($D$2>=1667,$D$4<70000),'ค่าบำรุงรักษา (ระยะทาง)'!O11,IF(AND($D$2>=1667,$D$4<80000),'ค่าบำรุงรักษา (ระยะทาง)'!Q11,IF(AND($D$2>=1667,$D$4<90000),'ค่าบำรุงรักษา (ระยะทาง)'!S11,IF(AND($D$2>=1667,$D$4<100000),'ค่าบำรุงรักษา (ระยะทาง)'!U11,IF(AND($D$2>=1667,$D$4<110000),'ค่าบำรุงรักษา (ระยะทาง)'!W11,IF(AND($D$2>=1667,$D$4<120000),'ค่าบำรุงรักษา (ระยะทาง)'!Y11,IF(AND($D$2>=1667,$D$4<130000),'ค่าบำรุงรักษา (ระยะทาง)'!AA11,IF(AND($D$2>=1667,$D$4<140000),'ค่าบำรุงรักษา (ระยะทาง)'!AC11,IF(AND($D$2>=1667,$D$4<150000),'ค่าบำรุงรักษา (ระยะทาง)'!AE11,IF(AND($D$2>=1667,$D$4<160000),'ค่าบำรุงรักษา (ระยะทาง)'!AG11,IF(AND($D$2>=1667,$D$4<170000),'ค่าบำรุงรักษา (ระยะทาง)'!AI11,IF(AND($D$2>=1667,$D$4<180000),'ค่าบำรุงรักษา (ระยะทาง)'!AK11,IF(AND($D$2>=1667,$D$4<190000),'ค่าบำรุงรักษา (ระยะทาง)'!AM11,IF(AND($D$2>=1667,$D$4<200000),'ค่าบำรุงรักษา (ระยะทาง)'!AO11,IF(AND($D$2>=1667,$D$4<210000),'ค่าบำรุงรักษา (ระยะทาง)'!AQ11,IF(AND($D$2>=1667,$D$4<220000),'ค่าบำรุงรักษา (ระยะทาง)'!AS11,IF(AND($D$2>=1667,$D$4<220000),'ค่าบำรุงรักษา (ระยะทาง)'!AU11,IF(AND($D$2>=1667,$D$4<240000),'ค่าบำรุงรักษา (ระยะทาง)'!AW11,IF(AND($D$2>=1667,$D$4<250000),'ค่าบำรุงรักษา (ระยะทาง)'!AY11,IF(AND($D$2>=1667,$D$4<260000),'ค่าบำรุงรักษา (ระยะทาง)'!BA11,IF(AND($D$2>=1667,$D$4<270000),'ค่าบำรุงรักษา (ระยะทาง)'!BC11,IF(AND($D$2>=1667,$D$4<280000),'ค่าบำรุงรักษา (ระยะทาง)'!BE11,IF(AND($D$2>=1667,$D$4<290000),'ค่าบำรุงรักษา (ระยะทาง)'!BG11,IF(AND($D$2>=1667,$D$4<300000),'ค่าบำรุงรักษา (ระยะทาง)'!BH9,IF(AND($D$2>=1667,$D$4<310000),'ค่าบำรุงรักษา (ระยะทาง)'!BK11,IF(AND($D$2>=1667,$D$4<320000),'ค่าบำรุงรักษา (ระยะทาง)'!BM11,IF(AND($D$2>=1667,$D$4<330000),'ค่าบำรุงรักษา (ระยะทาง)'!BO11,IF(AND($D$2>=1667,$D$4<340000),'ค่าบำรุงรักษา (ระยะทาง)'!BQ11,IF(AND($D$2>=1667,$D$4<350000),'ค่าบำรุงรักษา (ระยะทาง)'!BS11,IF(AND($D$2>=1667,$D$4<370000),'ค่าบำรุงรักษา (ระยะทาง)'!BW11,IF(AND($D$2>=1667,$D$4<380000),'ค่าบำรุงรักษา (ระยะทาง)'!BY11,IF(AND($D$2>=1667,$D$4<390000),'ค่าบำรุงรักษา (ระยะทาง)'!CA11,IF(AND($D$2>=1667,$D$4<400000),'ค่าบำรุงรักษา (ระยะทาง)'!CC11,IF(AND($D$2>=1667,$D$4<430000),'ค่าบำรุงรักษา (ระยะทาง)'!CI11,IF(AND($D$2>=1667,$D$4<440000),'ค่าบำรุงรักษา (ระยะทาง)'!CK11,IF(AND($D$2>=1667,$D$4<450000),'ค่าบำรุงรักษา (ระยะทาง)'!CM11,IF(AND($D$2>=1667,$D$4<460000),'ค่าบำรุงรักษา (ระยะทาง)'!CO11,IF(AND($D$2>=1667,$D$4<470000),'ค่าบำรุงรักษา (ระยะทาง)'!CQ11,IF(AND($D$2>=1667,$D$4<480000),'ค่าบำรุงรักษา (ระยะทาง)'!CS11,IF(AND($D$2>=1667,$D$4<490000),'ค่าบำรุงรักษา (ระยะทาง)'!CU11)))))))))))))))))))))))))))))))))))))))))))))))))))))))))))))))) -> 7800 | L14: =$D$4*$I$2/B14 -> 30262.948 | M14: =C14+(E14+F14+G14)+(H14+I14)+J14+K14+L14 -> 815002.16
A15: Masda2(เบนซิน) | B15: =ค่าพลังงาน!B14 -> 19 | C15: =ราคาเริ่มต้น!B12 -> 659000 | D15: =IF($D$3=1,ราคาเริ่มต้น!D12,IF($D$3=2,ราคาเริ่มต้น!E12,IF($D$3=3,ราคาเริ่มต้น!F12,IF($D$3=4,ราคาเริ่มต้น!G12,IF($D$3=5,ราคาเริ่มต้น!H12,IF($D$3=6,ราคาเริ่มต้น!I12,IF($D$3=7,ราคาเริ่มต้น!J12,IF($D$3=8,ราคาเริ่มต้น!K12,IF($D$3=9,ราคาเริ่มต้น!L12,IF($D$3=10,ราคาเริ่มต้น!M12,IF($D$3=11,ราคาเริ่มต้น!N12,IF($D$3=12,ราคาเริ่มต้น!O12,IF($D$3=13,ราคาเริ่มต้น!P12,IF($D$3=14,ราคาเริ่มต้น!Q12,IF($D$3=15,ราคาเริ่มต้น!R12,IF($D$3=16,ราคาเริ่มต้น!S12,IF($D$3=17,ราคาเริ่มต้น!T12,IF($D$3=18,ราคาเริ่มต้น!U12,IF($D$3=19,ราคาเริ่มต้น!V12,IF($D$3=20,ราคาเริ่มต้น!W12)))))))))))))))))))) -> 560150 | E15: =IF($D$3=1,ภาษีประจำปี!C12,IF($D$3=2,ภาษีประจำปี!E12,IF($D$3=3,ภาษีประจำปี!F12,IF($D$3=4,ภาษีประจำปี!I12,IF($D$3=5,ภาษีประจำปี!K12,IF($D$3=6,ภาษีประจำปี!M12,IF($D$3=7,ภาษีประจำปี!O12,IF($D$3=8,ภาษีประจำปี!Q12,IF($D$3=9,ภาษีประจำปี!S12,IF($D$3=10,ภาษีประจำปี!U12,IF($D$3=11,ภาษีประจำปี!W12,IF($D$3=12,ภาษีประจำปี!Y12,IF($D$3=13,ภาษีประจำปี!AA12,IF($D$3=14,ภาษีประจำปี!AC12,IF($D$3=15,ภาษีประจำปี!AE12,IF($D$3=16,ภาษีประจำปี!AG12,IF($D$3=17,ภาษีประจำปี!AI12,IF($D$3=18,ภาษีประจำปี!AK12,IF($D$3=19,ภาษีประจำปี!AM12,IF($D$3=20,ภาษีประจำปี!AO12)))))))))))))))))))) -> 1349 | F15: =IF($D$3=1,ประกันภัยบังคับ!B12,IF($D$3=2,ประกันภัยบังคับ!C12,IF($D$3=3,ประกันภัยบังคับ!D12,IF($D$3=4,ประกันภัยบังคับ!E12,IF($D$3=5,ประกันภัยบังคับ!F12,IF($D$3=6,ประกันภัยบังคับ!G12,IF($D$3=7,ประกันภัยบังคับ!H12,IF($D$3=8,ประกันภัยบังคับ!I12,IF($D$3=9,ประกันภัยบังคับ!J12,IF($D$3=10,ประกันภัยบังคับ!K12,IF($D$3=11,ประกันภัยบังคับ!L12,IF($D$3=12,ประกันภัยบังคับ!M12,IF($D$3=13,ประกันภัยบังคับ!N12,IF($D$3=14,ประกันภัยบังคับ!O12,IF($D$3=15,ประกันภัยบังคับ!P12,IF($D$3=16,ประกันภัยบังคับ!Q12,IF($D$3=17,ประกันภัยบังคับ!R12,IF($D$3=18,ประกันภัยบังคับ!S12,IF($D$3=19,ประกันภัยบังคับ!T12,IF($D$3=20,ประกันภัยบังคับ!U12)))))))))))))))))))) -> 645.21 | G15: =IF($D$3=1,ประกันภัยชั้น1!C12,IF($D$3=2,ประกันภัยชั้น1!E12,IF($D$3=3,ประกันภัยชั้น1!G12,IF($D$3=4,ประกันภัยชั้น1!I12,IF($D$3=5,ประกันภัยชั้น1!K12,IF($D$3=6,ประกันภัยชั้น1!M12,IF($D$3=7,ประกันภัยชั้น1!O12,IF($D$3=8,ประกันภัยชั้น1!Q12,IF($D$3=9,ประกันภัยชั้น1!S12,IF($D$3=10,ประกันภัยชั้น1!U12,IF($D$3=11,ประกันภัยชั้น1!W12,IF($D$3=12,ประกันภัยชั้น1!Y12,IF($D$3=13,ประกันภัยชั้น1!AA12,IF($D$3=14,ประกันภัยชั้น1!AC12,IF($D$3=15,ประกันภัยชั้น1!AE12,IF($D$3=16,ประกันภัยชั้น1!AG12,IF($D$3=17,ประกันภัยชั้น1!AI12,IF($D$3=18,ประกันภัยชั้น1!AK12,IF($D$3=19,ประกันภัยชั้น1!AM12,IF($D$3=20,ประกันภัยชั้น1!AO12)))))))))))))))))))) -> 25645 | H15: =IF(AND($D$2<1667,$D$3=1),'ยางรถ (ปี)'!B14,IF(AND($D$2<1667,$D$3=2),'ยางรถ (ปี)'!C14,IF(AND($D$2<1667,$D$3=3),'ยางรถ (ปี)'!D14,IF(AND($D$2<1667,$D$3=4),'ยางรถ (ปี)'!D14,IF(AND($D$2<1667,$D$3=5),'ยางรถ (ปี)'!D14,IF(AND($D$2<1667,$D$3=6),'ยางรถ (ปี)'!G14,IF(AND($D$2<1667,$D$3=7),'ยางรถ (ปี)'!G14,IF(AND($D$2<1667,$D$3=8),'ยางรถ (ปี)'!G14,IF(AND($D$2<1667,$D$3=9),'ยางรถ (ปี)'!J14,IF(AND($D$2<1667,$D$3=10),'ยางรถ (ปี)'!J14,IF(AND($D$2<1667,$D$3=11),'ยางรถ (ปี)'!J14,IF(AND($D$2<1667,$D$3=12),'ยางรถ (ปี)'!M14,IF(AND($D$2<1667,$D$3=13),'ยางรถ (ปี)'!M14,IF(AND($D$2<1667,$D$3=14),'ยางรถ (ปี)'!M14,IF(AND($D$2<1667,$D$3=15),'ยางรถ (ปี)'!P14,IF(AND($D$2<1667,$D$3=16),'ยางรถ (ปี)'!P14,IF(AND($D$2<1667,$D$3=17),'ยางรถ (ปี)'!P14,IF(AND($D$2<1667,$D$3=18),'ยางรถ (ปี)'!S14,IF(AND($D$2<1667,$D$3=19),'ยางรถ (ปี)'!S14,IF(AND($D$2<1667,$D$3=20),'ยางรถ (ปี)'!S14,IF(AND($D$2<1667,$D$3=21),'ยางรถ (ปี)'!V14,IF(AND($D$2>=1667,$D$4<50000),0,IF(AND($D$2>=1667, $D$4<100000),'ยางรถ(ระยะทาง)'!G12,IF(AND($D$2>=1667, $D$4<150000),'ยางรถ(ระยะทาง)'!M12,IF(AND($D$2>=1667, $D$4<200000),'ยางรถ(ระยะทาง)'!S12,IF(AND($D$2>=1667, $D$4<250000),'ยางรถ(ระยะทาง)'!Y12,IF(AND($D$2>=1667, $D$4<300000),'ยางรถ(ระยะทาง)'!AF12,IF(AND($D$2>=1667, $D$4<350000),'ยางรถ(ระยะทาง)'!AL12,IF(AND($D$2>=1667, $D$4<400000),'ยางรถ(ระยะทาง)'!AR12,IF(AND($D$2>=1667, $D$4<450000),'ยางรถ(ระยะทาง)'!AX12,IF(AND($D$2>=1667, $D$4<500000),'ยางรถ(ระยะทาง)'!BD12,IF(AND($D$2>=1667, $D$4<550000),'ยางรถ(ระยะทาง)'!BJ12,IF(AND($D$2>=1667, $D$4<600000),'ยางรถ(ระยะทาง)'!BL12,IF(AND($D$2>=1667, $D$4<650000),'ยางรถ(ระยะทาง)'!BN12,IF(AND($D$2>=1667, $D$4<700000),'ยางรถ(ระยะทาง)'!BP12,IF(AND($D$2>=1667, $D$4<750000),'ยางรถ(ระยะทาง)'!BR12,IF(AND($D$2>=1667, $D$4<800000),'ยางรถ(ระยะทาง)'!BV12))))))))))))))))))))))))))))))))))))) -> 0 | I15: =IF(AND($D$2<1667,$D$3=1),'แบตเตอร์รี่ (ปี)'!B12,IF(AND($D$2<1667,$D$3=2),'แบตเตอร์รี่ (ปี)'!C12,IF(AND($D$2<1667,$D$3=3),'แบตเตอร์รี่ (ปี)'!C12,IF(AND($D$2<1667,$D$3=4),'แบตเตอร์รี่ (ปี)'!E12,IF(AND($D$2<1667,$D$3=5),'แบตเตอร์รี่ (ปี)'!E12,IF(AND($D$2<1667,$D$3=6),'แบตเตอร์รี่ (ปี)'!G12,IF(AND($D$2<1667,$D$3=7),'แบตเตอร์รี่ (ปี)'!G12,IF(AND($D$2<1667,$D$3=8),'แบตเตอร์รี่ (ปี)'!I12,IF(AND($D$2<1667,$D$3=9),'แบตเตอร์รี่ (ปี)'!I12,IF(AND($D$2<1667,$D$3=10),'แบตเตอร์รี่ (ปี)'!K12,IF(AND($D$2<1667,$D$3=11),'แบตเตอร์รี่ (ปี)'!K12,IF(AND($D$2<1667,$D$3=12),'แบตเตอร์รี่ (ปี)'!M12,IF(AND($D$2<1667,$D$3=13),'แบตเตอร์รี่ (ปี)'!M12,IF(AND($D$2<1667,$D$3=14),'แบตเตอร์รี่ (ปี)'!O12,IF(AND($D$2<1667,$D$3=15),'แบตเตอร์รี่ (ปี)'!O12,IF(AND($D$2<1667,$D$3=16),'แบตเตอร์รี่ (ปี)'!Q12,IF(AND($D$2<1667,$D$3=17),'แบตเตอร์รี่ (ปี)'!Q12,IF(AND($D$2<1667,$D$3=18),'แบตเตอร์รี่ (ปี)'!S12,IF(AND($D$2<1667,$D$3=19),'แบตเตอร์รี่ (ปี)'!S12,IF(AND($D$2<1667,$D$3=20),'แบตเตอร์รี่ (ปี)'!U12,IF(AND($D$2>=1667,$D$4<40000),0,IF(AND($D$2>=1667,$D$4<80000),'แบตเตอรี(ระยะทาง) '!E12,IF(AND($D$2>=1667,$D$4<120000),'แบตเตอรี(ระยะทาง) '!I12,IF(AND($D$2>=1667,$D$4<160000),'แบตเตอรี(ระยะทาง) '!M12,IF(AND($D$2>=1667,$D$4<200000),'แบตเตอรี(ระยะทาง) '!Q12,IF(AND($D$2>=1667,$D$4<240000),'แบตเตอรี(ระยะทาง) '!E12,IF(AND($D$2>=1667,$D$4<280000),'แบตเตอรี(ระยะทาง) '!Y12,IF(AND($D$2>=1667,$D$4<320000),'แบตเตอรี(ระยะทาง) '!AC12,IF(AND($D$2>=1667,$D$4<360000),'แบตเตอรี(ระยะทาง) '!AG12,IF(AND($D$2>=1667,$D$4<400000),'แบตเตอรี(ระยะทาง) '!AK12,IF(AND($D$2>=1667,$D$4<440000),'แบตเตอรี(ระยะทาง) '!AO12,IF(AND($D$2>=1667,$D$4<480000),'แบตเตอรี(ระยะทาง) '!AS12,IF(AND($D$2>=1667,$D$4<50000),'แบตเตอรี(ระยะทาง) '!AW12,))))))))))))))))))))))))))))))))) -> 0 | J15: =IF(AND($D$2<1667,$D$3=1),'แบตเตอรีไฟฟ้า (ปี)'!B12,IF(AND($D$2<1667,$D$3=2),'แบตเตอรีไฟฟ้า (ปี)'!C12,IF(AND($D$2<1667,$D$3=3),'แบตเตอรีไฟฟ้า (ปี)'!D12,IF(AND($D$2<1667,$D$3=4),'แบตเตอรีไฟฟ้า (ปี)'!E12,IF(AND($D$2<1667,$D$3=5),'แบตเตอรีไฟฟ้า (ปี)'!F12,IF(AND($D$2<1667,$D$3=6),'แบตเตอรีไฟฟ้า (ปี)'!G12,IF(AND($D$2<1667,$D$3=7),'แบตเตอรีไฟฟ้า (ปี)'!H12,IF(AND($D$2<1667,$D$3=8),'แบตเตอรีไฟฟ้า (ปี)'!I12,IF(AND($D$2<1667,$D$3=9),'แบตเตอรีไฟฟ้า (ปี)'!I12,IF(AND($D$2<1667,$D$3=10),'แบตเตอรีไฟฟ้า (ปี)'!K12,IF(AND($D$2<1667,$D$3=11),'แบตเตอรีไฟฟ้า (ปี)'!I12,IF(AND($D$2<1667,$D$3=12),'แบตเตอรีไฟฟ้า (ปี)'!I12,IF(AND($D$2<1667,$D$3=13),'แบตเตอรีไฟฟ้า (ปี)'!I12,IF(AND($D$2<1667,$D$3=14),'แบตเตอรีไฟฟ้า (ปี)'!I12,IF(AND($D$2<1667,$D$3=15),'แบตเตอรีไฟฟ้า (ปี)'!I12,IF(AND($D$2<1667,$D$3=16),'แบตเตอรีไฟฟ้า (ปี)'!Q12,IF(AND($D$2<1667,$D$3=17),'แบตเตอรีไฟฟ้า (ปี)'!Q12,IF(AND($D$2<1667,$D$3=18),'แบตเตอรีไฟฟ้า (ปี)'!Q12,IF(AND($D$2<1667,$D$3=19),'แบตเตอรีไฟฟ้า (ปี)'!Q12,IF(AND($D$2<1667,$D$3=20),'แบตเตอรีไฟฟ้า (ปี)'!Q12,IF(AND($D$2>=1667,$D$4<170000),0,IF(AND($D$2>=1667,$D$4<340000),'แบตเตอรีรถไฟฟ้า(ระยะทาง)'!R12,IF(AND($D$2>=1667,$D$4<510000),'แบตเตอรีรถไฟฟ้า(ระยะทาง)'!AI12,))))))))))))))))))))))) -> 0 | K15: =IF(AND($D$2<1667,$D$3=1),'ค่าบำรุงรักษา(ปี)'!F12,IF(AND($D$2<1667,$D$3=2),'ค่าบำรุงรักษา(ปี)'!J12,IF(AND($D$2<1667,$D$3=3),'ค่าบำรุงรักษา(ปี)'!N12,IF(AND($D$2<1667,$D$3=4),'ค่าบำรุงรักษา(ปี)'!R12,IF(AND($D$2<1667,$D$3=5),'ค่าบำรุงรักษา(ปี)'!V12,IF(AND($D$2<1667,$D$3=6),'ค่าบำรุงรักษา(ปี)'!Z12,IF(AND($D$2<1667,$D$3=7),'ค่าบำรุงรักษา(ปี)'!AD12,IF(AND($D$2<1667,$D$3=8),'ค่าบำรุงรักษา(ปี)'!AH12,IF(AND($D$2<1667,$D$3=9),'ค่าบำรุงรักษา(ปี)'!AL12,IF(AND($D$2<1667,$D$3=10),'ค่าบำรุงรักษา(ปี)'!AP12,IF(AND($D$2<1667,$D$3=11),'ค่าบำรุงรักษา(ปี)'!AT12,IF(AND($D$2<1667,$D$3=12),'ค่าบำรุงรักษา(ปี)'!AX12,IF(AND($D$2<1667,$D$3=13),'ค่าบำรุงรักษา(ปี)'!BB12,IF(AND($D$2<1667,$D$3=14),'ค่าบำรุงรักษา(ปี)'!BF12,IF(AND($D$2<1667,$D$3=15),'ค่าบำรุงรักษา(ปี)'!BJ12,IF(AND($D$2<1667,$D$3=16),'ค่าบำรุงรักษา(ปี)'!BN12,IF(AND($D$2<1667,$D$3=17),'ค่าบำรุงรักษา(ปี)'!BR12,IF(AND($D$2<1667,$D$3=18),'ค่าบำรุงรักษา(ปี)'!BV12,IF(AND($D$2<1667,$D$3=19),'ค่าบำรุงรักษา(ปี)'!BZ12,IF(AND($D$2<1667,$D$3=20),'ค่าบำรุงรักษา(ปี)'!CD12,IF(AND($D$2>=1667,$D$4<30000),'ค่าบำรุงรักษา (ระยะทาง)'!G12,IF(AND($D$2>=1667,$D$4<40000),'ค่าบำรุงรักษา (ระยะทาง)'!I12,IF(AND($D$2>=1667,$D$4<50000),'ค่าบำรุงรักษา (ระยะทาง)'!K12,IF(AND($D$2>=1667,$D$4<60000),'ค่าบำรุงรักษา (ระยะทาง)'!M12,IF(AND($D$2>=1667,$D$4<70000),'ค่าบำรุงรักษา (ระยะทาง)'!O12,IF(AND($D$2>=1667,$D$4<80000),'ค่าบำรุงรักษา (ระยะทาง)'!Q12,IF(AND($D$2>=1667,$D$4<90000),'ค่าบำรุงรักษา (ระยะทาง)'!S12,IF(AND($D$2>=1667,$D$4<100000),'ค่าบำรุงรักษา (ระยะทาง)'!U12,IF(AND($D$2>=1667,$D$4<110000),'ค่าบำรุงรักษา (ระยะทาง)'!W12,IF(AND($D$2>=1667,$D$4<120000),'ค่าบำรุงรักษา (ระยะทาง)'!Y12,IF(AND($D$2>=1667,$D$4<130000),'ค่าบำรุงรักษา (ระยะทาง)'!AA12,IF(AND($D$2>=1667,$D$4<140000),'ค่าบำรุงรักษา (ระยะทาง)'!AC12,IF(AND($D$2>=1667,$D$4<150000),'ค่าบำรุงรักษา (ระยะทาง)'!AE12,IF(AND($D$2>=1667,$D$4<160000),'ค่าบำรุงรักษา (ระยะทาง)'!AG12,IF(AND($D$2>=1667,$D$4<170000),'ค่าบำรุงรักษา (ระยะทาง)'!AI12,IF(AND($D$2>=1667,$D$4<180000),'ค่าบำรุงรักษา (ระยะทาง)'!AK12,IF(AND($D$2>=1667,$D$4<190000),'ค่าบำรุงรักษา (ระยะทาง)'!AM12,IF(AND($D$2>=1667,$D$4<200000),'ค่าบำรุงรักษา (ระยะทาง)'!AO12,IF(AND($D$2>=1667,$D$4<210000),'ค่าบำรุงรักษา (ระยะทาง)'!AQ12,IF(AND($D$2>=1667,$D$4<220000),'ค่าบำรุงรักษา (ระยะทาง)'!AS12,IF(AND($D$2>=1667,$D$4<220000),'ค่าบำรุงรักษา (ระยะทาง)'!AU12,IF(AND($D$2>=1667,$D$4<240000),'ค่าบำรุงรักษา (ระยะทาง)'!AW12,IF(AND($D$2>=1667,$D$4<250000),'ค่าบำรุงรักษา (ระยะทาง)'!AY12,IF(AND($D$2>=1667,$D$4<260000),'ค่าบำรุงรักษา (ระยะทาง)'!BA12,IF(AND($D$2>=1667,$D$4<270000),'ค่าบำรุงรักษา (ระยะทาง)'!BC12,IF(AND($D$2>=1667,$D$4<280000),'ค่าบำรุงรักษา (ระยะทาง)'!BE12,IF(AND($D$2>=1667,$D$4<290000),'ค่าบำรุงรักษา (ระยะทาง)'!BG12,IF(AND($D$2>=1667,$D$4<300000),'ค่าบำรุงรักษา (ระยะทาง)'!BH10,IF(AND($D$2>=1667,$D$4<310000),'ค่าบำรุงรักษา (ระยะทาง)'!BK12,IF(AND($D$2>=1667,$D$4<320000),'ค่าบำรุงรักษา (ระยะทาง)'!BM12,IF(AND($D$2>=1667,$D$4<330000),'ค่าบำรุงรักษา (ระยะทาง)'!BO12,IF(AND($D$2>=1667,$D$4<340000),'ค่าบำรุงรักษา (ระยะทาง)'!BQ12,IF(AND($D$2>=1667,$D$4<350000),'ค่าบำรุงรักษา (ระยะทาง)'!BS12,IF(AND($D$2>=1667,$D$4<370000),'ค่าบำรุงรักษา (ระยะทาง)'!BW12,IF(AND($D$2>=1667,$D$4<380000),'ค่าบำรุงรักษา (ระยะทาง)'!BY12,IF(AND($D$2>=1667,$D$4<390000),'ค่าบำรุงรักษา (ระยะทาง)'!CA12,IF(AND($D$2>=1667,$D$4<400000),'ค่าบำรุงรักษา (ระยะทาง)'!CC12,IF(AND($D$2>=1667,$D$4<430000),'ค่าบำรุงรักษา (ระยะทาง)'!CE12,IF(AND($D$2>=1667,$D$4<430000),'ค่าบำรุงรักษา (ระยะทาง)'!CI12,IF(AND($D$2>=1667,$D$4<440000),'ค่าบำรุงรักษา (ระยะทาง)'!CK12,IF(AND($D$2>=1667,$D$4<460000),'ค่าบำรุงรักษา (ระยะทาง)'!CO12,IF(AND($D$2>=1667,$D$4<470000),'ค่าบำรุงรักษา (ระยะทาง)'!CQ12,IF(AND($D$2>=1667,$D$4<480000),'ค่าบำรุงรักษา (ระยะทาง)'!CS12,IF(AND($D$2>=1667,$D$4<490000),'ค่าบำรุงรักษา (ระยะทาง)'!CU12)))))))))))))))))))))))))))))))))))))))))))))))))))))))))))))))) -> 6150 | L15: =$D$4*$I$3/B15 -> 42536.842 | M15: =C15+(E15+F15+G15)+(H15+I15)+J15+K15+L15 -> 735326.05
A16: Mg 4รุ่นD | B16: =ค่าพลังงาน!B15 -> 6.5 | C16: =ราคาเริ่มต้น!B13 -> 579900 | D16: =IF($D$3=1,ราคาเริ่มต้น!D13,IF($D$3=2,ราคาเริ่มต้น!E13,IF($D$3=3,ราคาเริ่มต้น!F13,IF($D$3=4,ราคาเริ่มต้น!G13,IF($D$3=5,ราคาเริ่มต้น!H13,IF($D$3=6,ราคาเริ่มต้น!I13,IF($D$3=7,ราคาเริ่มต้น!J13,IF($D$3=8,ราคาเริ่มต้น!K13,IF($D$3=9,ราคาเริ่มต้น!L13,IF($D$3=10,ราคาเริ่มต้น!M13,IF($D$3=11,ราคาเริ่มต้น!N13,IF($D$3=12,ราคาเริ่มต้น!O13,IF($D$3=13,ราคาเริ่มต้น!P13,IF($D$3=14,ราคาเริ่มต้น!Q13,IF($D$3=15,ราคาเริ่มต้น!R13,IF($D$3=16,ราคาเริ่มต้น!S13,IF($D$3=17,ราคาเริ่มต้น!T13,IF($D$3=18,ราคาเริ่มต้น!U13,IF($D$3=19,ราคาเริ่มต้น!V13,IF($D$3=20,ราคาเริ่มต้น!W13)))))))))))))))))))) -> 463920 | E16: =IF($D$3=1,ภาษีประจำปี!C13,IF($D$3=2,ภาษีประจำปี!E13,IF($D$3=3,ภาษีประจำปี!F13,IF($D$3=4,ภาษีประจำปี!I13,IF($D$3=5,ภาษีประจำปี!K13,IF($D$3=6,ภาษีประจำปี!M13,IF($D$3=7,ภาษีประจำปี!O13,IF($D$3=8,ภาษีประจำปี!Q13,IF($D$3=9,ภาษีประจำปี!S13,IF($D$3=10,ภาษีประจำปี!U13,IF($D$3=11,ภาษีประจำปี!W13,IF($D$3=12,ภาษีประจำปี!Y13,IF($D$3=13,ภาษีประจำปี!AA13,IF($D$3=14,ภาษีประจำปี!AC13,IF($D$3=15,ภาษีประจำปี!AE13,IF($D$3=16,ภาษีประจำปี!AG13,IF($D$3=17,ภาษีประจำปี!AI13,IF($D$3=18,ภาษีประจำปี!AK13,IF($D$3=19,ภาษีประจำปี!AM13,IF($D$3=20,ภาษีประจำปี!AO13)))))))))))))))))))) -> 260 | F16: =IF($D$3=1,ประกันภัยบังคับ!B13,IF($D$3=2,ประกันภัยบังคับ!C13,IF($D$3=3,ประกันภัยบังคับ!D13,IF($D$3=4,ประกันภัยบังคับ!E13,IF($D$3=5,ประกันภัยบังคับ!F13,IF($D$3=6,ประกันภัยบังคับ!G13,IF($D$3=7,ประกันภัยบังคับ!H13,IF($D$3=8,ประกันภัยบังคับ!I13,IF($D$3=9,ประกันภัยบังคับ!J13,IF($D$3=10,ประกันภัยบังคับ!K13,IF($D$3=11,ประกันภัยบังคับ!L13,IF($D$3=12,ประกันภัยบังคับ!M13,IF($D$3=13,ประกันภัยบังคับ!N13,IF($D$3=14,ประกันภัยบังคับ!O13,IF($D$3=15,ประกันภัยบังคับ!P13,IF($D$3=16,ประกันภัยบังคับ!Q13,IF($D$3=17,ประกันภัยบังคับ!R13,IF($D$3=18,ประกันภัยบังคับ!S13,IF($D$3=19,ประกันภัยบังคับ!T13,IF($D$3=20,ประกันภัยบังคับ!U13)))))))))))))))))))) -> 645.21 | G16: =IF($D$3=1,ประกันภัยชั้น1!C13,IF($D$3=2,ประกันภัยชั้น1!E13,IF($D$3=3,ประกันภัยชั้น1!G13,IF($D$3=4,ประกันภัยชั้น1!I13,IF($D$3=5,ประกันภัยชั้น1!K13,IF($D$3=6,ประกันภัยชั้น1!M13,IF($D$3=7,ประกันภัยชั้น1!O13,IF($D$3=8,ประกันภัยชั้น1!Q13,IF($D$3=9,ประกันภัยชั้น1!S13,IF($D$3=10,ประกันภัยชั้น1!U13,IF($D$3=11,ประกันภัยชั้น1!W13,IF($D$3=12,ประกันภัยชั้น1!Y13,IF($D$3=13,ประกันภัยชั้น1!AA13,IF($D$3=14,ประกันภัยชั้น1!AC13,IF($D$3=15,ประกันภัยชั้น1!AE13,IF($D$3=16,ประกันภัยชั้น1!AG13,IF($D$3=17,ประกันภัยชั้น1!AI13,IF($D$3=18,ประกันภัยชั้น1!AK13,IF($D$3=19,ประกันภัยชั้น1!AM13,IF($D$3=20,ประกันภัยชั้น1!AO13)))))))))))))))))))) -> 30941 | H16: =IF(AND($D$2<1667,$D$3=1),'ยางรถ (ปี)'!B15,IF(AND($D$2<1667,$D$3=2),'ยางรถ (ปี)'!C15,IF(AND($D$2<1667,$D$3=3),'ยางรถ (ปี)'!C15,IF(AND($D$2<1667,$D$3=4),'ยางรถ (ปี)'!E15,IF(AND($D$2<1667,$D$3=5),'ยางรถ (ปี)'!E15,IF(AND($D$2<1667,$D$3=6),'ยางรถ (ปี)'!G15,IF(AND($D$2<1667,$D$3=7),'ยางรถ (ปี)'!G15,IF(AND($D$2<1667,$D$3=8),'ยางรถ (ปี)'!I15,IF(AND($D$2<1667,$D$3=9),'ยางรถ (ปี)'!I15,IF(AND($D$2<1667,$D$3=10),'ยางรถ (ปี)'!K15,IF(AND($D$2<1667,$D$3=11),'ยางรถ (ปี)'!K15,IF(AND($D$2<1667,$D$3=12),'ยางรถ (ปี)'!M15,IF(AND($D$2<1667,$D$3=13),'ยางรถ (ปี)'!M15,IF(AND($D$2<1667,$D$3=14),'ยางรถ (ปี)'!O15,IF(AND($D$2<1667,$D$3=15),'ยางรถ (ปี)'!O15,IF(AND($D$2<1667,$D$3=16),'ยางรถ (ปี)'!Q15,IF(AND($D$2<1667,$D$3=17),'ยางรถ (ปี)'!Q15,IF(AND($D$2<1667,$D$3=18),'ยางรถ (ปี)'!S15,IF(AND($D$2<1667,$D$3=19),'ยางรถ (ปี)'!S15,IF(AND($D$2<1667,$D$3=20),'ยางรถ (ปี)'!U15,IF(AND($D$2<1667,$D$3=21),'ยางรถ (ปี)'!V15,IF(AND($D$2>=1667,$D$4<40000),0,IF(AND($D$2>=1667, $D$4<80000),'ยางรถ(ระยะทาง)'!F13,IF(AND($D$2>=1667, $D$4<120000),'ยางรถ(ระยะทาง)'!L13,IF(AND($D$2>=1667, $D$4<160000),'ยางรถ(ระยะทาง)'!R13,IF(AND($D$2>=1667, $D$4<200000),'ยางรถ(ระยะทาง)'!X13,IF(AND($D$2>=1667, $D$4<240000),'ยางรถ(ระยะทาง)'!Y13,IF(AND($D$2>=1667, $D$4<280000),'ยางรถ(ระยะทาง)'!AE13,IF(AND($D$2>=1667, $D$4<320000),'ยางรถ(ระยะทาง)'!AK13,IF(AND($D$2>=1667, $D$4<360000),'ยางรถ(ระยะทาง)'!AQ13,IF(AND($D$2>=1667, $D$4<400000),'ยางรถ(ระยะทาง)'!AW13,IF(AND($D$2>=1667, $D$4<440000),'ยางรถ(ระยะทาง)'!AX13,IF(AND($D$2>=1667, $D$4<480000),'ยางรถ(ระยะทาง)'!BC13,IF(AND($D$2>=1667, $D$4<520000),'ยางรถ(ระยะทาง)'!BI13,IF(AND($D$2>=1667, $D$4<560000),'ยางรถ(ระยะทาง)'!BK13,IF(AND($D$2>=1667, $D$4<600000),'ยางรถ(ระยะทาง)'!BM13,IF(AND($D$2>=1667, $D$4<640000),'ยางรถ(ระยะทาง)'!BN13,IF(AND($D$2>=1667, $D$4<680000),'ยางรถ(ระยะทาง)'!BO13,IF(AND($D$2>=1667, $D$4<720000),'ยางรถ(ระยะทาง)'!BQ13,IF(AND($D$2>=1667, $D$4<760000),'ยางรถ(ระยะทาง)'!BS13,IF(AND($D$2>=1667, $D$4<800000),'ยางรถ(ระยะทาง)'!BU13))))))))))))))))))))))))))))))))))))))))) -> 0 | I16: =IF(AND($D$2<1667,$D$3=1),'แบตเตอร์รี่ (ปี)'!B13,IF(AND($D$2<1667,$D$3=2),'แบตเตอร์รี่ (ปี)'!C13,IF(AND($D$2<1667,$D$3=3),'แบตเตอร์รี่ (ปี)'!C13,IF(AND($D$2<1667,$D$3=4),'แบตเตอร์รี่ (ปี)'!E13,IF(AND($D$2<1667,$D$3=5),'แบตเตอร์รี่ (ปี)'!E13,IF(AND($D$2<1667,$D$3=6),'แบตเตอร์รี่ (ปี)'!G13,IF(AND($D$2<1667,$D$3=7),'แบตเตอร์รี่ (ปี)'!G13,IF(AND($D$2<1667,$D$3=8),'แบตเตอร์รี่ (ปี)'!I13,IF(AND($D$2<1667,$D$3=9),'แบตเตอร์รี่ (ปี)'!I13,IF(AND($D$2<1667,$D$3=10),'แบตเตอร์รี่ (ปี)'!K13,IF(AND($D$2<1667,$D$3=11),'แบตเตอร์รี่ (ปี)'!K13,IF(AND($D$2<1667,$D$3=12),'แบตเตอร์รี่ (ปี)'!M13,IF(AND($D$2<1667,$D$3=13),'แบตเตอร์รี่ (ปี)'!M13,IF(AND($D$2<1667,$D$3=14),'แบตเตอร์รี่ (ปี)'!O13,IF(AND($D$2<1667,$D$3=15),'แบตเตอร์รี่ (ปี)'!O13,IF(AND($D$2<1667,$D$3=16),'แบตเตอร์รี่ (ปี)'!Q13,IF(AND($D$2<1667,$D$3=17),'แบตเตอร์รี่ (ปี)'!Q13,IF(AND($D$2<1667,$D$3=18),'แบตเตอร์รี่ (ปี)'!S13,IF(AND($D$2<1667,$D$3=19),'แบตเตอร์รี่ (ปี)'!S13,IF(AND($D$2<1667,$D$3=20),'แบตเตอร์รี่ (ปี)'!U13,IF(AND($D$2>=1667,$D$4<40000),0,IF(AND($D$2>=1667,$D$4<80000),'แบตเตอรี(ระยะทาง) '!E13,IF(AND($D$2>=1667,$D$4<120000),'แบตเตอรี(ระยะทาง) '!I13,IF(AND($D$2>=1667,$D$4<160000),'แบตเตอรี(ระยะทาง) '!M13,IF(AND($D$2>=1667,$D$4<200000),'แบตเตอรี(ระยะทาง) '!Q13,IF(AND($D$2>=1667,$D$4<240000),'แบตเตอรี(ระยะทาง) '!E13,IF(AND($D$2>=1667,$D$4<280000),'แบตเตอรี(ระยะทาง) '!Y13,IF(AND($D$2>=1667,$D$4<320000),'แบตเตอรี(ระยะทาง) '!AC13,IF(AND($D$2>=1667,$D$4<360000),'แบตเตอรี(ระยะทาง) '!AG13,IF(AND($D$2>=1667,$D$4<400000),'แบตเตอรี(ระยะทาง) '!AK13,IF(AND($D$2>=1667,$D$4<440000),'แบตเตอรี(ระยะทาง) '!AO13,IF(AND($D$2>=1667,$D$4<480000),'แบตเตอรี(ระยะทาง) '!AS13,IF(AND($D$2>=1667,$D$4<50000),'แบตเตอรี(ระยะทาง) '!AW13,))))))))))))))))))))))))))))))))) -> 0 | J16: =IF(AND($D$2<1667,$D$3=1),'แบตเตอรีไฟฟ้า (ปี)'!B13,IF(AND($D$2<1667,$D$3=2),'แบตเตอรีไฟฟ้า (ปี)'!C13,IF(AND($D$2<1667,$D$3=3),'แบตเตอรีไฟฟ้า (ปี)'!D13,IF(AND($D$2<1667,$D$3=4),'แบตเตอรีไฟฟ้า (ปี)'!E13,IF(AND($D$2<1667,$D$3=5),'แบตเตอรีไฟฟ้า (ปี)'!F13,IF(AND($D$2<1667,$D$3=6),'แบตเตอรีไฟฟ้า (ปี)'!G13,IF(AND($D$2<1667,$D$3=7),'แบตเตอรีไฟฟ้า (ปี)'!H13,IF(AND($D$2<1667,$D$3=8),'แบตเตอรีไฟฟ้า (ปี)'!I13,IF(AND($D$2<1667,$D$3=9),'แบตเตอรีไฟฟ้า (ปี)'!I13,IF(AND($D$2<1667,$D$3=10),'แบตเตอรีไฟฟ้า (ปี)'!K13,IF(AND($D$2<1667,$D$3=11),'แบตเตอรีไฟฟ้า (ปี)'!I13,IF(AND($D$2<1667,$D$3=12),'แบตเตอรีไฟฟ้า (ปี)'!I13,IF(AND($D$2<1667,$D$3=13),'แบตเตอรีไฟฟ้า (ปี)'!I13,IF(AND($D$2<1667,$D$3=14),'แบตเตอรีไฟฟ้า (ปี)'!I13,IF(AND($D$2<1667,$D$3=15),'แบตเตอรีไฟฟ้า (ปี)'!I13,IF(AND($D$2<1667,$D$3=16),'แบตเตอรีไฟฟ้า (ปี)'!Q13,IF(AND($D$2<1667,$D$3=17),'แบตเตอรีไฟฟ้า (ปี)'!Q13,IF(AND($D$2<1667,$D$3=18),'แบตเตอรีไฟฟ้า (ปี)'!Q13,IF(AND($D$2<1667,$D$3=19),'แบตเตอรีไฟฟ้า (ปี)'!Q13,IF(AND($D$2<1667,$D$3=20),'แบตเตอรีไฟฟ้า (ปี)'!Q13,IF(AND($D$2>=1667,$D$4<170000),0,IF(AND($D$2>=1667,$D$4<340000),'แบตเตอรีรถไฟฟ้า(ระยะทาง)'!R13,IF(AND($D$2>=1667,$D$4<510000),'แบตเตอรีรถไฟฟ้า(ระยะทาง)'!AI13,))))))))))))))))))))))) -> 0 | K16: =IF(AND($D$2<1667,$D$3=1),'ค่าบำรุงรักษา(ปี)'!F13,IF(AND($D$2<1667,$D$3=2),'ค่าบำรุงรักษา(ปี)'!J13,IF(AND($D$2<1667,$D$3=3),'ค่าบำรุงรักษา(ปี)'!N13,IF(AND($D$2<1667,$D$3=4),'ค่าบำรุงรักษา(ปี)'!R13,IF(AND($D$2<1667,$D$3=5),'ค่าบำรุงรักษา(ปี)'!V13,IF(AND($D$2<1667,$D$3=6),'ค่าบำรุงรักษา(ปี)'!Z13,IF(AND($D$2<1667,$D$3=7),'ค่าบำรุงรักษา(ปี)'!AD13,IF(AND($D$2<1667,$D$3=8),'ค่าบำรุงรักษา(ปี)'!AH13,IF(AND($D$2<1667,$D$3=9),'ค่าบำรุงรักษา(ปี)'!AL13,IF(AND($D$2<1667,$D$3=10),'ค่าบำรุงรักษา(ปี)'!AP13,IF(AND($D$2<1667,$D$3=11),'ค่าบำรุงรักษา(ปี)'!AT13,IF(AND($D$2<1667,$D$3=12),'ค่าบำรุงรักษา(ปี)'!AX13,IF(AND($D$2<1667,$D$3=13),'ค่าบำรุงรักษา(ปี)'!BB13,IF(AND($D$2<1667,$D$3=14),'ค่าบำรุงรักษา(ปี)'!BF13,IF(AND($D$2<1667,$D$3=15),'ค่าบำรุงรักษา(ปี)'!BJ13,IF(AND($D$2<1667,$D$3=16),'ค่าบำรุงรักษา(ปี)'!BN13,IF(AND($D$2<1667,$D$3=17),'ค่าบำรุงรักษา(ปี)'!BR13,IF(AND($D$2<1667,$D$3=18),'ค่าบำรุงรักษา(ปี)'!BV13,IF(AND($D$2<1667,$D$3=19),'ค่าบำรุงรักษา(ปี)'!BZ13,IF(AND($D$2<1667,$D$3=20),'ค่าบำรุงรักษา(ปี)'!CD13,IF(AND($D$2>=1667,$D$4<30000),'ค่าบำรุงรักษา (ระยะทาง)'!G13,IF(AND($D$2>=1667,$D$4<40000),'ค่าบำรุงรักษา (ระยะทาง)'!I13,IF(AND($D$2>=1667,$D$4<50000),'ค่าบำรุงรักษา (ระยะทาง)'!K13,IF(AND($D$2>=1667,$D$4<60000),'ค่าบำรุงรักษา (ระยะทาง)'!M13,IF(AND($D$2>=1667,$D$4<70000),'ค่าบำรุงรักษา (ระยะทาง)'!O13,IF(AND($D$2>=1667,$D$4<80000),'ค่าบำรุงรักษา (ระยะทาง)'!Q13,IF(AND($D$2>=1667,$D$4<90000),'ค่าบำรุงรักษา (ระยะทาง)'!S13,IF(AND($D$2>=1667,$D$4<100000),'ค่าบำรุงรักษา (ระยะทาง)'!U13,IF(AND($D$2>=1667,$D$4<110000),'ค่าบำรุงรักษา (ระยะทาง)'!W13,IF(AND($D$2>=1667,$D$4<120000),'ค่าบำรุงรักษา (ระยะทาง)'!Y13,IF(AND($D$2>=1667,$D$4<130000),'ค่าบำรุงรักษา (ระยะทาง)'!AA13,IF(AND($D$2>=1667,$D$4<140000),'ค่าบำรุงรักษา (ระยะทาง)'!AC13,IF(AND($D$2>=1667,$D$4<150000),'ค่าบำรุงรักษา (ระยะทาง)'!AE13,IF(AND($D$2>=1667,$D$4<160000),'ค่าบำรุงรักษา (ระยะทาง)'!AG13,IF(AND($D$2>=1667,$D$4<170000),'ค่าบำรุงรักษา (ระยะทาง)'!AI13,IF(AND($D$2>=1667,$D$4<180000),'ค่าบำรุงรักษา (ระยะทาง)'!AK13,IF(AND($D$2>=1667,$D$4<190000),'ค่าบำรุงรักษา (ระยะทาง)'!AM13,IF(AND($D$2>=1667,$D$4<200000),'ค่าบำรุงรักษา (ระยะทาง)'!AO13,IF(AND($D$2>=1667,$D$4<210000),'ค่าบำรุงรักษา (ระยะทาง)'!AQ13,IF(AND($D$2>=1667,$D$4<220000),'ค่าบำรุงรักษา (ระยะทาง)'!AS13,IF(AND($D$2>=1667,$D$4<220000),'ค่าบำรุงรักษา (ระยะทาง)'!AU13,IF(AND($D$2>=1667,$D$4<240000),'ค่าบำรุงรักษา (ระยะทาง)'!AW13,IF(AND($D$2>=1667,$D$4<250000),'ค่าบำรุงรักษา (ระยะทาง)'!AY13,IF(AND($D$2>=1667,$D$4<260000),'ค่าบำรุงรักษา (ระยะทาง)'!BA13,IF(AND($D$2>=1667,$D$4<270000),'ค่าบำรุงรักษา (ระยะทาง)'!BC13,IF(AND($D$2>=1667,$D$4<280000),'ค่าบำรุงรักษา (ระยะทาง)'!BE13,IF(AND($D$2>=1667,$D$4<290000),'ค่าบำรุงรักษา (ระยะทาง)'!BG13,IF(AND($D$2>=1667,$D$4<300000),'ค่าบำรุงรักษา (ระยะทาง)'!BH11,IF(AND($D$2>=1667,$D$4<310000),'ค่าบำรุงรักษา (ระยะทาง)'!BK13,IF(AND($D$2>=1667,$D$4<320000),'ค่าบำรุงรักษา (ระยะทาง)'!BM13,IF(AND($D$2>=1667,$D$4<330000),'ค่าบำรุงรักษา (ระยะทาง)'!BO13,IF(AND($D$2>=1667,$D$4<340000),'ค่าบำรุงรักษา (ระยะทาง)'!BQ13,IF(AND($D$2>=1667,$D$4<350000),'ค่าบำรุงรักษา (ระยะทาง)'!BS13,IF(AND($D$2>=1667,$D$4<370000),'ค่าบำรุงรักษา (ระยะทาง)'!BW13,IF(AND($D$2>=1667,$D$4<380000),'ค่าบำรุงรักษา (ระยะทาง)'!BY13,IF(AND($D$2>=1667,$D$4<390000),'ค่าบำรุงรักษา (ระยะทาง)'!CA13,IF(AND($D$2>=1667,$D$4<400000),'ค่าบำรุงรักษา (ระยะทาง)'!CC13,IF(AND($D$2>=1667,$D$4<430000),'ค่าบำรุงรักษา (ระยะทาง)'!CE13,IF(AND($D$2>=1667,$D$4<430000),'ค่าบำรุงรักษา (ระยะทาง)'!CI13,IF(AND($D$2>=1667,$D$4<440000),'ค่าบำรุงรักษา (ระยะทาง)'!CK13,IF(AND($D$2>=1667,$D$4<460000),'ค่าบำรุงรักษา (ระยะทาง)'!CO13,IF(AND($D$2>=1667,$D$4<470000),'ค่าบำรุงรักษา (ระยะทาง)'!CQ13,IF(AND($D$2>=1667,$D$4<480000),'ค่าบำรุงรักษา (ระยะทาง)'!CS13,IF(AND($D$2>=1667,$D$4<490000),'ค่าบำรุงรักษา (ระยะทาง)'!CU13)))))))))))))))))))))))))))))))))))))))))))))))))))))))))))))))) -> 300 | L16: =$D$4*$I$4/B16 -> 11630.769 | M16: =C16+E16+F16+G16+H16+I16+K16+L16+J16 -> 623676.98
A17: Mg 4รุ่นD (LT) | B17: =ค่าพลังงาน!B16 -> 6.5 | C17: =ราคาเริ่มต้น!B14 -> 579900 | D17: =IF($D$3=1,ราคาเริ่มต้น!D14,IF($D$3=2,ราคาเริ่มต้น!E14,IF($D$3=3,ราคาเริ่มต้น!F14,IF($D$3=4,ราคาเริ่มต้น!G14,IF($D$3=5,ราคาเริ่มต้น!H14,IF($D$3=6,ราคาเริ่มต้น!I14,IF($D$3=7,ราคาเริ่มต้น!J14,IF($D$3=8,ราคาเริ่มต้น!K14,IF($D$3=9,ราคาเริ่มต้น!L14,IF($D$3=10,ราคาเริ่มต้น!M14,IF($D$3=11,ราคาเริ่มต้น!N14,IF($D$3=12,ราคาเริ่มต้น!O14,IF($D$3=13,ราคาเริ่มต้น!P14,IF($D$3=14,ราคาเริ่มต้น!Q14,IF($D$3=15,ราคาเริ่มต้น!R14,IF($D$3=16,ราคาเริ่มต้น!S14,IF($D$3=17,ราคาเริ่มต้น!T14,IF($D$3=18,ราคาเริ่มต้น!U14,IF($D$3=19,ราคาเริ่มต้น!V14,IF($D$3=20,ราคาเริ่มต้น!W14)))))))))))))))))))) -> 463920 | E17: =IF($D$3=1,ภาษีประจำปี!C14,IF($D$3=2,ภาษีประจำปี!E14,IF($D$3=3,ภาษีประจำปี!F14,IF($D$3=4,ภาษีประจำปี!I14,IF($D$3=5,ภาษีประจำปี!K14,IF($D$3=6,ภาษีประจำปี!M14,IF($D$3=7,ภาษีประจำปี!O14,IF($D$3=8,ภาษีประจำปี!Q14,IF($D$3=9,ภาษีประจำปี!S14,IF($D$3=10,ภาษีประจำปี!U14,IF($D$3=11,ภาษีประจำปี!W14,IF($D$3=12,ภาษีประจำปี!Y14,IF($D$3=13,ภาษีประจำปี!AA14,IF($D$3=14,ภาษีประจำปี!AC14,IF($D$3=15,ภาษีประจำปี!AE14,IF($D$3=16,ภาษีประจำปี!AG14,IF($D$3=17,ภาษีประจำปี!AI14,IF($D$3=18,ภาษีประจำปี!AK14,IF($D$3=19,ภาษีประจำปี!AM14,IF($D$3=20,ภาษีประจำปี!AO14)))))))))))))))))))) -> 260 | F17: =IF($D$3=1,ประกันภัยบังคับ!B14,IF($D$3=2,ประกันภัยบังคับ!C14,IF($D$3=3,ประกันภัยบังคับ!D14,IF($D$3=4,ประกันภัยบังคับ!E14,IF($D$3=5,ประกันภัยบังคับ!F14,IF($D$3=6,ประกันภัยบังคับ!G14,IF($D$3=7,ประกันภัยบังคับ!H14,IF($D$3=8,ประกันภัยบังคับ!I14,IF($D$3=9,ประกันภัยบังคับ!J14,IF($D$3=10,ประกันภัยบังคับ!K14,IF($D$3=11,ประกันภัยบังคับ!L14,IF($D$3=12,ประกันภัยบังคับ!M14,IF($D$3=13,ประกันภัยบังคับ!N14,IF($D$3=14,ประกันภัยบังคับ!O14,IF($D$3=15,ประกันภัยบังคับ!P14,IF($D$3=16,ประกันภัยบังคับ!Q14,IF($D$3=17,ประกันภัยบังคับ!R14,IF($D$3=18,ประกันภัยบังคับ!S14,IF($D$3=19,ประกันภัยบังคับ!T14,IF($D$3=20,ประกันภัยบังคับ!U14)))))))))))))))))))) -> 645.21 | G17: =IF($D$3=1,ประกันภัยชั้น1!C14,IF($D$3=2,ประกันภัยชั้น1!E14,IF($D$3=3,ประกันภัยชั้น1!G14,IF($D$3=4,ประกันภัยชั้น1!I14,IF($D$3=5,ประกันภัยชั้น1!K14,IF($D$3=6,ประกันภัยชั้น1!M14,IF($D$3=7,ประกันภัยชั้น1!O14,IF($D$3=8,ประกันภัยชั้น1!Q14,IF($D$3=9,ประกันภัยชั้น1!S14,IF($D$3=10,ประกันภัยชั้น1!U14,IF($D$3=11,ประกันภัยชั้น1!W14,IF($D$3=12,ประกันภัยชั้น1!Y14,IF($D$3=13,ประกันภัยชั้น1!AA14,IF($D$3=14,ประกันภัยชั้น1!AC14,IF($D$3=15,ประกันภัยชั้น1!AE14,IF($D$3=16,ประกันภัยชั้น1!AG14,IF($D$3=17,ประกันภัยชั้น1!AI14,IF($D$3=18,ประกันภัยชั้น1!AK14,IF($D$3=19,ประกันภัยชั้น1!AM14,IF($D$3=20,ประกันภัยชั้น1!AO14)))))))))))))))))))) -> 30941 | H17: =IF(AND($D$2<1667,$D$3=1),'ยางรถ (ปี)'!B16,IF(AND($D$2<1667,$D$3=2),'ยางรถ (ปี)'!C16,IF(AND($D$2<1667,$D$3=3),'ยางรถ (ปี)'!C16,IF(AND($D$2<1667,$D$3=4),'ยางรถ (ปี)'!E16,IF(AND($D$2<1667,$D$3=5),'ยางรถ (ปี)'!E16,IF(AND($D$2<1667,$D$3=6),'ยางรถ (ปี)'!G16,IF(AND($D$2<1667,$D$3=7),'ยางรถ (ปี)'!G16,IF(AND($D$2<1667,$D$3=8),'ยางรถ (ปี)'!I16,IF(AND($D$2<1667,$D$3=9),'ยางรถ (ปี)'!I16,IF(AND($D$2<1667,$D$3=10),'ยางรถ (ปี)'!K16,IF(AND($D$2<1667,$D$3=11),'ยางรถ (ปี)'!K16,IF(AND($D$2<1667,$D$3=12),'ยางรถ (ปี)'!M16,IF(AND($D$2<1667,$D$3=13),'ยางรถ (ปี)'!M16,IF(AND($D$2<1667,$D$3=14),'ยางรถ (ปี)'!O16,IF(AND($D$2<1667,$D$3=15),'ยางรถ (ปี)'!O16,IF(AND($D$2<1667,$D$3=16),'ยางรถ (ปี)'!Q16,IF(AND($D$2<1667,$D$3=17),'ยางรถ (ปี)'!Q16,IF(AND($D$2<1667,$D$3=18),'ยางรถ (ปี)'!S16,IF(AND($D$2<1667,$D$3=19),'ยางรถ (ปี)'!S16,IF(AND($D$2<1667,$D$3=20),'ยางรถ (ปี)'!U16,IF(AND($D$2<1667,$D$3=21),'ยางรถ (ปี)'!V16,IF(AND($D$2>=1667,$D$4<40000),0,IF(AND($D$2>=1667, $D$4<80000),'ยางรถ(ระยะทาง)'!F14,IF(AND($D$2>=1667, $D$4<120000),'ยางรถ(ระยะทาง)'!L14,IF(AND($D$2>=1667, $D$4<160000),'ยางรถ(ระยะทาง)'!R14,IF(AND($D$2>=1667, $D$4<200000),'ยางรถ(ระยะทาง)'!X14,IF(AND($D$2>=1667, $D$4<240000),'ยางรถ(ระยะทาง)'!Y14,IF(AND($D$2>=1667, $D$4<280000),'ยางรถ(ระยะทาง)'!AE14,IF(AND($D$2>=1667, $D$4<320000),'ยางรถ(ระยะทาง)'!AK14,IF(AND($D$2>=1667, $D$4<360000),'ยางรถ(ระยะทาง)'!AQ14,IF(AND($D$2>=1667, $D$4<400000),'ยางรถ(ระยะทาง)'!AW14,IF(AND($D$2>=1667, $D$4<440000),'ยางรถ(ระยะทาง)'!AX14,IF(AND($D$2>=1667, $D$4<480000),'ยางรถ(ระยะทาง)'!BC14,IF(AND($D$2>=1667, $D$4<520000),'ยางรถ(ระยะทาง)'!BI14,IF(AND($D$2>=1667, $D$4<560000),'ยางรถ(ระยะทาง)'!BK14,IF(AND($D$2>=1667, $D$4<600000),'ยางรถ(ระยะทาง)'!BM14,IF(AND($D$2>=1667, $D$4<640000),'ยางรถ(ระยะทาง)'!BN14,IF(AND($D$2>=1667, $D$4<680000),'ยางรถ(ระยะทาง)'!BO14,IF(AND($D$2>=1667, $D$4<720000),'ยางรถ(ระยะทาง)'!BQ14,IF(AND($D$2>=1667, $D$4<760000),'ยางรถ(ระยะทาง)'!BS14,IF(AND($D$2>=1667, $D$4<800000),'ยางรถ(ระยะทาง)'!BU14))))))))))))))))))))))))))))))))))))))))) -> 0 | I17: =IF(AND($D$2<1667,$D$3=1),'แบตเตอร์รี่ (ปี)'!B14,IF(AND($D$2<1667,$D$3=2),'แบตเตอร์รี่ (ปี)'!C14,IF(AND($D$2<1667,$D$3=3),'แบตเตอร์รี่ (ปี)'!C14,IF(AND($D$2<1667,$D$3=4),'แบตเตอร์รี่ (ปี)'!E14,IF(AND($D$2<1667,$D$3=5),'แบตเตอร์รี่ (ปี)'!E14,IF(AND($D$2<1667,$D$3=6),'แบตเตอร์รี่ (ปี)'!G14,IF(AND($D$2<1667,$D$3=7),'แบตเตอร์รี่ (ปี)'!G14,IF(AND($D$2<1667,$D$3=8),'แบตเตอร์รี่ (ปี)'!I14,IF(AND($D$2<1667,$D$3=9),'แบตเตอร์รี่ (ปี)'!I14,IF(AND($D$2<1667,$D$3=10),'แบตเตอร์รี่ (ปี)'!K14,IF(AND($D$2<1667,$D$3=11),'แบตเตอร์รี่ (ปี)'!K14,IF(AND($D$2<1667,$D$3=12),'แบตเตอร์รี่ (ปี)'!M14,IF(AND($D$2<1667,$D$3=13),'แบตเตอร์รี่ (ปี)'!M14,IF(AND($D$2<1667,$D$3=14),'แบตเตอร์รี่ (ปี)'!O14,IF(AND($D$2<1667,$D$3=15),'แบตเตอร์รี่ (ปี)'!O14,IF(AND($D$2<1667,$D$3=16),'แบตเตอร์รี่ (ปี)'!Q14,IF(AND($D$2<1667,$D$3=17),'แบตเตอร์รี่ (ปี)'!Q14,IF(AND($D$2<1667,$D$3=18),'แบตเตอร์รี่ (ปี)'!S14,IF(AND($D$2<1667,$D$3=19),'แบตเตอร์รี่ (ปี)'!S14,IF(AND($D$2<1667,$D$3=20),'แบตเตอร์รี่ (ปี)'!U14,IF(AND($D$2>=1667,$D$4<40000),0,IF(AND($D$2>=1667,$D$4<80000),'แบตเตอรี(ระยะทาง) '!E14,IF(AND($D$2>=1667,$D$4<120000),'แบตเตอรี(ระยะทาง) '!I14,IF(AND($D$2>=1667,$D$4<160000),'แบตเตอรี(ระยะทาง) '!M14,IF(AND($D$2>=1667,$D$4<200000),'แบตเตอรี(ระยะทาง) '!Q14,IF(AND($D$2>=1667,$D$4<240000),'แบตเตอรี(ระยะทาง) '!E14,IF(AND($D$2>=1667,$D$4<280000),'แบตเตอรี(ระยะทาง) '!Y14,IF(AND($D$2>=1667,$D$4<320000),'แบตเตอรี(ระยะทาง) '!AC14,IF(AND($D$2>=1667,$D$4<360000),'แบตเตอรี(ระยะทาง) '!AG14,IF(AND($D$2>=1667,$D$4<400000),'แบตเตอรี(ระยะทาง) '!AK14,IF(AND($D$2>=1667,$D$4<440000),'แบตเตอรี(ระยะทาง) '!AO14,IF(AND($D$2>=1667,$D$4<480000),'แบตเตอรี(ระยะทาง) '!AS14,IF(AND($D$2>=1667,$D$4<50000),'แบตเตอรี(ระยะทาง) '!AW14,))))))))))))))))))))))))))))))))) -> 0 | J17: =IF(AND($D$2<1667,$D$3=1),'แบตเตอรีไฟฟ้า (ปี)'!B14,IF(AND($D$2<1667,$D$3=2),'แบตเตอรีไฟฟ้า (ปี)'!C14,IF(AND($D$2<1667,$D$3=3),'แบตเตอรีไฟฟ้า (ปี)'!D14,IF(AND($D$2<1667,$D$3=4),'แบตเตอรีไฟฟ้า (ปี)'!E14,IF(AND($D$2<1667,$D$3=5),'แบตเตอรีไฟฟ้า (ปี)'!F14,IF(AND($D$2<1667,$D$3=6),'แบตเตอรีไฟฟ้า (ปี)'!G14,IF(AND($D$2<1667,$D$3=7),'แบตเตอรีไฟฟ้า (ปี)'!H14,IF(AND($D$2<1667,$D$3=8),'แบตเตอรีไฟฟ้า (ปี)'!I14,IF(AND($D$2<1667,$D$3=9),'แบตเตอรีไฟฟ้า (ปี)'!I14,IF(AND($D$2<1667,$D$3=10),'แบตเตอรีไฟฟ้า (ปี)'!K14,IF(AND($D$2<1667,$D$3=11),'แบตเตอรีไฟฟ้า (ปี)'!I14,IF(AND($D$2<1667,$D$3=12),'แบตเตอรีไฟฟ้า (ปี)'!I14,IF(AND($D$2<1667,$D$3=13),'แบตเตอรีไฟฟ้า (ปี)'!I14,IF(AND($D$2<1667,$D$3=14),'แบตเตอรีไฟฟ้า (ปี)'!I14,IF(AND($D$2<1667,$D$3=15),'แบตเตอรีไฟฟ้า (ปี)'!I14,IF(AND($D$2<1667,$D$3=16),'แบตเตอรีไฟฟ้า (ปี)'!Q14,IF(AND($D$2<1667,$D$3=17),'แบตเตอรีไฟฟ้า (ปี)'!Q14,IF(AND($D$2<1667,$D$3=18),'แบตเตอรีไฟฟ้า (ปี)'!Q14,IF(AND($D$2<1667,$D$3=19),'แบตเตอรีไฟฟ้า (ปี)'!Q14,IF(AND($D$2<1667,$D$3=20),'แบตเตอรีไฟฟ้า (ปี)'!Q14,IF(AND($D$2>=1667,$D$4<170000),0,IF(AND($D$2>=1667,$D$4<340000),'แบตเตอรีรถไฟฟ้า(ระยะทาง)'!R14,IF(AND($D$2>=1667,$D$4<510000),'แบตเตอรีรถไฟฟ้า(ระยะทาง)'!AI14,))))))))))))))))))))))) -> 0 | K17: =IF(AND($D$2<1667,$D$3=1),'ค่าบำรุงรักษา(ปี)'!F14,IF(AND($D$2<1667,$D$3=2),'ค่าบำรุงรักษา(ปี)'!J14,IF(AND($D$2<1667,$D$3=3),'ค่าบำรุงรักษา(ปี)'!N14,IF(AND($D$2<1667,$D$3=4),'ค่าบำรุงรักษา(ปี)'!R14,IF(AND($D$2<1667,$D$3=5),'ค่าบำรุงรักษา(ปี)'!V14,IF(AND($D$2<1667,$D$3=6),'ค่าบำรุงรักษา(ปี)'!Z14,IF(AND($D$2<1667,$D$3=7),'ค่าบำรุงรักษา(ปี)'!AD14,IF(AND($D$2<1667,$D$3=8),'ค่าบำรุงรักษา(ปี)'!AH14,IF(AND($D$2<1667,$D$3=9),'ค่าบำรุงรักษา(ปี)'!AL14,IF(AND($D$2<1667,$D$3=10),'ค่าบำรุงรักษา(ปี)'!AP14,IF(AND($D$2<1667,$D$3=11),'ค่าบำรุงรักษา(ปี)'!AT14,IF(AND($D$2<1667,$D$3=12),'ค่าบำรุงรักษา(ปี)'!AX14,IF(AND($D$2<1667,$D$3=13),'ค่าบำรุงรักษา(ปี)'!BB14,IF(AND($D$2<1667,$D$3=14),'ค่าบำรุงรักษา(ปี)'!BF14,IF(AND($D$2<1667,$D$3=15),'ค่าบำรุงรักษา(ปี)'!BJ14,IF(AND($D$2<1667,$D$3=16),'ค่าบำรุงรักษา(ปี)'!BN14,IF(AND($D$2<1667,$D$3=17),'ค่าบำรุงรักษา(ปี)'!BR14,IF(AND($D$2<1667,$D$3=18),'ค่าบำรุงรักษา(ปี)'!BV14,IF(AND($D$2<1667,$D$3=19),'ค่าบำรุงรักษา(ปี)'!BZ14,IF(AND($D$2<1667,$D$3=20),'ค่าบำรุงรักษา(ปี)'!CD14,IF(AND($D$2>=1667,$D$4<30000),'ค่าบำรุงรักษา (ระยะทาง)'!G14,IF(AND($D$2>=1667,$D$4<40000),'ค่าบำรุงรักษา (ระยะทาง)'!I14,IF(AND($D$2>=1667,$D$4<50000),'ค่าบำรุงรักษา (ระยะทาง)'!K14,IF(AND($D$2>=1667,$D$4<60000),'ค่าบำรุงรักษา (ระยะทาง)'!M14,IF(AND($D$2>=1667,$D$4<70000),'ค่าบำรุงรักษา (ระยะทาง)'!O14,IF(AND($D$2>=1667,$D$4<80000),'ค่าบำรุงรักษา (ระยะทาง)'!Q14,IF(AND($D$2>=1667,$D$4<90000),'ค่าบำรุงรักษา (ระยะทาง)'!S14,IF(AND($D$2>=1667,$D$4<100000),'ค่าบำรุงรักษา (ระยะทาง)'!U14,IF(AND($D$2>=1667,$D$4<110000),'ค่าบำรุงรักษา (ระยะทาง)'!W14,IF(AND($D$2>=1667,$D$4<120000),'ค่าบำรุงรักษา (ระยะทาง)'!Y14,IF(AND($D$2>=1667,$D$4<130000),'ค่าบำรุงรักษา (ระยะทาง)'!AA14,IF(AND($D$2>=1667,$D$4<140000),'ค่าบำรุงรักษา (ระยะทาง)'!AC14,IF(AND($D$2>=1667,$D$4<150000),'ค่าบำรุงรักษา (ระยะทาง)'!AE14,IF(AND($D$2>=1667,$D$4<160000),'ค่าบำรุงรักษา (ระยะทาง)'!AG14,IF(AND($D$2>=1667,$D$4<170000),'ค่าบำรุงรักษา (ระยะทาง)'!AI14,IF(AND($D$2>=1667,$D$4<180000),'ค่าบำรุงรักษา (ระยะทาง)'!AK14,IF(AND($D$2>=1667,$D$4<190000),'ค่าบำรุงรักษา (ระยะทาง)'!AM14,IF(AND($D$2>=1667,$D$4<200000),'ค่าบำรุงรักษา (ระยะทาง)'!AO14,IF(AND($D$2>=1667,$D$4<210000),'ค่าบำรุงรักษา (ระยะทาง)'!AQ14,IF(AND($D$2>=1667,$D$4<220000),'ค่าบำรุงรักษา (ระยะทาง)'!AS14,IF(AND($D$2>=1667,$D$4<220000),'ค่าบำรุงรักษา (ระยะทาง)'!AU14,IF(AND($D$2>=1667,$D$4<240000),'ค่าบำรุงรักษา (ระยะทาง)'!AW14,IF(AND($D$2>=1667,$D$4<250000),'ค่าบำรุงรักษา (ระยะทาง)'!AY14,IF(AND($D$2>=1667,$D$4<260000),'ค่าบำรุงรักษา (ระยะทาง)'!BA14,IF(AND($D$2>=1667,$D$4<270000),'ค่าบำรุงรักษา (ระยะทาง)'!BC14,IF(AND($D$2>=1667,$D$4<280000),'ค่าบำรุงรักษา (ระยะทาง)'!BE14,IF(AND($D$2>=1667,$D$4<290000),'ค่าบำรุงรักษา (ระยะทาง)'!BG14,IF(AND($D$2>=1667,$D$4<300000),'ค่าบำรุงรักษา (ระยะทาง)'!BH12,IF(AND($D$2>=1667,$D$4<310000),'ค่าบำรุงรักษา (ระยะทาง)'!BK14,IF(AND($D$2>=1667,$D$4<320000),'ค่าบำรุงรักษา (ระยะทาง)'!BM14,IF(AND($D$2>=1667,$D$4<330000),'ค่าบำรุงรักษา (ระยะทาง)'!BO14,IF(AND($D$2>=1667,$D$4<340000),'ค่าบำรุงรักษา (ระยะทาง)'!BQ14,IF(AND($D$2>=1667,$D$4<350000),'ค่าบำรุงรักษา (ระยะทาง)'!BS14,IF(AND($D$2>=1667,$D$4<370000),'ค่าบำรุงรักษา (ระยะทาง)'!BW14,IF(AND($D$2>=1667,$D$4<380000),'ค่าบำรุงรักษา (ระยะทาง)'!BY14,IF(AND($D$2>=1667,$D$4<390000),'ค่าบำรุงรักษา (ระยะทาง)'!CA14,IF(AND($D$2>=1667,$D$4<400000),'ค่าบำรุงรักษา (ระยะทาง)'!CC14,IF(AND($D$2>=1667,$D$4<430000),'ค่าบำรุงรักษา (ระยะทาง)'!CE14,IF(AND($D$2>=1667,$D$4<430000),'ค่าบำรุงรักษา (ระยะทาง)'!CI14,IF(AND($D$2>=1667,$D$4<440000),'ค่าบำรุงรักษา (ระยะทาง)'!CK14,IF(AND($D$2>=1667,$D$4<460000),'ค่าบำรุงรักษา (ระยะทาง)'!CO14,IF(AND($D$2>=1667,$D$4<470000),'ค่าบำรุงรักษา (ระยะทาง)'!CQ14,IF(AND($D$2>=1667,$D$4<480000),'ค่าบำรุงรักษา (ระยะทาง)'!CS14,IF(AND($D$2>=1667,$D$4<490000),'ค่าบำรุงรักษา (ระยะทาง)'!CU14)))))))))))))))))))))))))))))))))))))))))))))))))))))))))))))))) -> 300 | L17: =$D$4*$I$4/B17 -> 11630.769 | M17: =C17+E17+F17+G17+H17+I17+K17+L17+J17 -> 623676.98
A18: Mg 4รุ่นX | B18: =ค่าพลังงาน!B17 -> 5.5 | C18: =ราคาเริ่มต้น!B15 -> 699000 | D18: =IF($D$3=1,ราคาเริ่มต้น!D15,IF($D$3=2,ราคาเริ่มต้น!E15,IF($D$3=3,ราคาเริ่มต้น!F15,IF($D$3=4,ราคาเริ่มต้น!G15,IF($D$3=5,ราคาเริ่มต้น!H15,IF($D$3=6,ราคาเริ่มต้น!I15,IF($D$3=7,ราคาเริ่มต้น!J15,IF($D$3=8,ราคาเริ่มต้น!K15,IF($D$3=9,ราคาเริ่มต้น!L15,IF($D$3=10,ราคาเริ่มต้น!M15,IF($D$3=11,ราคาเริ่มต้น!N15,IF($D$3=12,ราคาเริ่มต้น!O15,IF($D$3=13,ราคาเริ่มต้น!P15,IF($D$3=14,ราคาเริ่มต้น!Q15,IF($D$3=15,ราคาเริ่มต้น!R15,IF($D$3=16,ราคาเริ่มต้น!S15,IF($D$3=17,ราคาเริ่มต้น!T15,IF($D$3=18,ราคาเริ่มต้น!U15,IF($D$3=19,ราคาเริ่มต้น!V15,IF($D$3=20,ราคาเริ่มต้น!W15)))))))))))))))))))) -> 559200 | E18: =IF($D$3=1,ภาษีประจำปี!C15,IF($D$3=2,ภาษีประจำปี!E15,IF($D$3=3,ภาษีประจำปี!F15,IF($D$3=4,ภาษีประจำปี!I15,IF($D$3=5,ภาษีประจำปี!K15,IF($D$3=6,ภาษีประจำปี!M15,IF($D$3=7,ภาษีประจำปี!O15,IF($D$3=8,ภาษีประจำปี!Q15,IF($D$3=9,ภาษีประจำปี!S15,IF($D$3=10,ภาษีประจำปี!U15,IF($D$3=11,ภาษีประจำปี!W15,IF($D$3=12,ภาษีประจำปี!Y15,IF($D$3=13,ภาษีประจำปี!AA15,IF($D$3=14,ภาษีประจำปี!AC15,IF($D$3=15,ภาษีประจำปี!AE15,IF($D$3=16,ภาษีประจำปี!AG15,IF($D$3=17,ภาษีประจำปี!AI15,IF($D$3=18,ภาษีประจำปี!AK15,IF($D$3=19,ภาษีประจำปี!AM15,IF($D$3=20,ภาษีประจำปี!AO15)))))))))))))))))))) -> 260 | F18: =IF($D$3=1,ประกันภัยบังคับ!B15,IF($D$3=2,ประกันภัยบังคับ!C15,IF($D$3=3,ประกันภัยบังคับ!D15,IF($D$3=4,ประกันภัยบังคับ!E15,IF($D$3=5,ประกันภัยบังคับ!F15,IF($D$3=6,ประกันภัยบังคับ!G15,IF($D$3=7,ประกันภัยบังคับ!H15,IF($D$3=8,ประกันภัยบังคับ!I15,IF($D$3=9,ประกันภัยบังคับ!J15,IF($D$3=10,ประกันภัยบังคับ!K15,IF($D$3=11,ประกันภัยบังคับ!L15,IF($D$3=12,ประกันภัยบังคับ!M15,IF($D$3=13,ประกันภัยบังคับ!N15,IF($D$3=14,ประกันภัยบังคับ!O15,IF($D$3=15,ประกันภัยบังคับ!P15,IF($D$3=16,ประกันภัยบังคับ!Q15,IF($D$3=17,ประกันภัยบังคับ!R15,IF($D$3=18,ประกันภัยบังคับ!S15,IF($D$3=19,ประกันภัยบังคับ!T15,IF($D$3=20,ประกันภัยบังคับ!U15)))))))))))))))))))) -> 645.21 | G18: =IF($D$3=1,ประกันภัยชั้น1!C15,IF($D$3=2,ประกันภัยชั้น1!E15,IF($D$3=3,ประกันภัยชั้น1!G15,IF($D$3=4,ประกันภัยชั้น1!I15,IF($D$3=5,ประกันภัยชั้น1!K15,IF($D$3=6,ประกันภัยชั้น1!M15,IF($D$3=7,ประกันภัยชั้น1!O15,IF($D$3=8,ประกันภัยชั้น1!Q15,IF($D$3=9,ประกันภัยชั้น1!S15,IF($D$3=10,ประกันภัยชั้น1!U15,IF($D$3=11,ประกันภัยชั้น1!W15,IF($D$3=12,ประกันภัยชั้น1!Y15,IF($D$3=13,ประกันภัยชั้น1!AA15,IF($D$3=14,ประกันภัยชั้น1!AC15,IF($D$3=15,ประกันภัยชั้น1!AE15,IF($D$3=16,ประกันภัยชั้น1!AG15,IF($D$3=17,ประกันภัยชั้น1!AI15,IF($D$3=18,ประกันภัยชั้น1!AK15,IF($D$3=19,ประกันภัยชั้น1!AM15,IF($D$3=20,ประกันภัยชั้น1!AO15)))))))))))))))))))) -> 32645 | H18: =IF(AND($D$2<1667,$D$3=1),'ยางรถ (ปี)'!B17,IF(AND($D$2<1667,$D$3=2),'ยางรถ (ปี)'!C17,IF(AND($D$2<1667,$D$3=3),'ยางรถ (ปี)'!C17,IF(AND($D$2<1667,$D$3=4),'ยางรถ (ปี)'!E17,IF(AND($D$2<1667,$D$3=5),'ยางรถ (ปี)'!E17,IF(AND($D$2<1667,$D$3=6),'ยางรถ (ปี)'!G17,IF(AND($D$2<1667,$D$3=7),'ยางรถ (ปี)'!G17,IF(AND($D$2<1667,$D$3=8),'ยางรถ (ปี)'!I17,IF(AND($D$2<1667,$D$3=9),'ยางรถ (ปี)'!I17,IF(AND($D$2<1667,$D$3=10),'ยางรถ (ปี)'!K17,IF(AND($D$2<1667,$D$3=11),'ยางรถ (ปี)'!K17,IF(AND($D$2<1667,$D$3=12),'ยางรถ (ปี)'!M17,IF(AND($D$2<1667,$D$3=13),'ยางรถ (ปี)'!M17,IF(AND($D$2<1667,$D$3=14),'ยางรถ (ปี)'!O17,IF(AND($D$2<1667,$D$3=15),'ยางรถ (ปี)'!O17,IF(AND($D$2<1667,$D$3=16),'ยางรถ (ปี)'!Q17,IF(AND($D$2<1667,$D$3=17),'ยางรถ (ปี)'!Q17,IF(AND($D$2<1667,$D$3=18),'ยางรถ (ปี)'!S17,IF(AND($D$2<1667,$D$3=19),'ยางรถ (ปี)'!S17,IF(AND($D$2<1667,$D$3=20),'ยางรถ (ปี)'!U17,IF(AND($D$2<1667,$D$3=21),'ยางรถ (ปี)'!V17,IF(AND($D$2>=1667,$D$4<40000),0,IF(AND($D$2>=1667, $D$4<80000),'ยางรถ(ระยะทาง)'!F15,IF(AND($D$2>=1667, $D$4<120000),'ยางรถ(ระยะทาง)'!L15,IF(AND($D$2>=1667, $D$4<160000),'ยางรถ(ระยะทาง)'!R15,IF(AND($D$2>=1667, $D$4<200000),'ยางรถ(ระยะทาง)'!X15,IF(AND($D$2>=1667, $D$4<240000),'ยางรถ(ระยะทาง)'!Y15,IF(AND($D$2>=1667, $D$4<280000),'ยางรถ(ระยะทาง)'!AE15,IF(AND($D$2>=1667, $D$4<320000),'ยางรถ(ระยะทาง)'!AK15,IF(AND($D$2>=1667, $D$4<360000),'ยางรถ(ระยะทาง)'!AQ15,IF(AND($D$2>=1667, $D$4<400000),'ยางรถ(ระยะทาง)'!AW15,IF(AND($D$2>=1667, $D$4<440000),'ยางรถ(ระยะทาง)'!AX15,IF(AND($D$2>=1667, $D$4<480000),'ยางรถ(ระยะทาง)'!BC15,IF(AND($D$2>=1667, $D$4<520000),'ยางรถ(ระยะทาง)'!BI15,IF(AND($D$2>=1667, $D$4<560000),'ยางรถ(ระยะทาง)'!BK15,IF(AND($D$2>=1667, $D$4<600000),'ยางรถ(ระยะทาง)'!BM15,IF(AND($D$2>=1667, $D$4<640000),'ยางรถ(ระยะทาง)'!BN15,IF(AND($D$2>=1667, $D$4<680000),'ยางรถ(ระยะทาง)'!BO15,IF(AND($D$2>=1667, $D$4<720000),'ยางรถ(ระยะทาง)'!BQ15,IF(AND($D$2>=1667, $D$4<760000),'ยางรถ(ระยะทาง)'!BS15,IF(AND($D$2>=1667, $D$4<800000),'ยางรถ(ระยะทาง)'!BU15))))))))))))))))))))))))))))))))))))))))) -> 0 | I18: =IF(AND($D$2<1667,$D$3=1),'แบตเตอร์รี่ (ปี)'!B15,IF(AND($D$2<1667,$D$3=2),'แบตเตอร์รี่ (ปี)'!C15,IF(AND($D$2<1667,$D$3=3),'แบตเตอร์รี่ (ปี)'!C15,IF(AND($D$2<1667,$D$3=4),'แบตเตอร์รี่ (ปี)'!E15,IF(AND($D$2<1667,$D$3=5),'แบตเตอร์รี่ (ปี)'!E15,IF(AND($D$2<1667,$D$3=6),'แบตเตอร์รี่ (ปี)'!G15,IF(AND($D$2<1667,$D$3=7),'แบตเตอร์รี่ (ปี)'!G15,IF(AND($D$2<1667,$D$3=8),'แบตเตอร์รี่ (ปี)'!I15,IF(AND($D$2<1667,$D$3=9),'แบตเตอร์รี่ (ปี)'!I15,IF(AND($D$2<1667,$D$3=10),'แบตเตอร์รี่ (ปี)'!K15,IF(AND($D$2<1667,$D$3=11),'แบตเตอร์รี่ (ปี)'!K15,IF(AND($D$2<1667,$D$3=12),'แบตเตอร์รี่ (ปี)'!M15,IF(AND($D$2<1667,$D$3=13),'แบตเตอร์รี่ (ปี)'!M15,IF(AND($D$2<1667,$D$3=14),'แบตเตอร์รี่ (ปี)'!O15,IF(AND($D$2<1667,$D$3=15),'แบตเตอร์รี่ (ปี)'!O15,IF(AND($D$2<1667,$D$3=16),'แบตเตอร์รี่ (ปี)'!Q15,IF(AND($D$2<1667,$D$3=17),'แบตเตอร์รี่ (ปี)'!Q15,IF(AND($D$2<1667,$D$3=18),'แบตเตอร์รี่ (ปี)'!S15,IF(AND($D$2<1667,$D$3=19),'แบตเตอร์รี่ (ปี)'!S15,IF(AND($D$2<1667,$D$3=20),'แบตเตอร์รี่ (ปี)'!U15,IF(AND($D$2>=1667,$D$4<40000),0,IF(AND($D$2>=1667,$D$4<80000),'แบตเตอรี(ระยะทาง) '!E15,IF(AND($D$2>=1667,$D$4<120000),'แบตเตอรี(ระยะทาง) '!I15,IF(AND($D$2>=1667,$D$4<160000),'แบตเตอรี(ระยะทาง) '!M15,IF(AND($D$2>=1667,$D$4<200000),'แบตเตอรี(ระยะทาง) '!Q15,IF(AND($D$2>=1667,$D$4<240000),'แบตเตอรี(ระยะทาง) '!E15,IF(AND($D$2>=1667,$D$4<280000),'แบตเตอรี(ระยะทาง) '!Y15,IF(AND($D$2>=1667,$D$4<320000),'แบตเตอรี(ระยะทาง) '!AC15,IF(AND($D$2>=1667,$D$4<360000),'แบตเตอรี(ระยะทาง) '!AG15,IF(AND($D$2>=1667,$D$4<400000),'แบตเตอรี(ระยะทาง) '!AK15,IF(AND($D$2>=1667,$D$4<440000),'แบตเตอรี(ระยะทาง) '!AO15,IF(AND($D$2>=1667,$D$4<480000),'แบตเตอรี(ระยะทาง) '!AS15,IF(AND($D$2>=1667,$D$4<50000),'แบตเตอรี(ระยะทาง) '!AW15,))))))))))))))))))))))))))))))))) -> 0 | J18: =IF(AND($D$2<1667,$D$3=1),'แบตเตอรีไฟฟ้า (ปี)'!B15,IF(AND($D$2<1667,$D$3=2),'แบตเตอรีไฟฟ้า (ปี)'!C15,IF(AND($D$2<1667,$D$3=3),'แบตเตอรีไฟฟ้า (ปี)'!D15,IF(AND($D$2<1667,$D$3=4),'แบตเตอรีไฟฟ้า (ปี)'!E15,IF(AND($D$2<1667,$D$3=5),'แบตเตอรีไฟฟ้า (ปี)'!F15,IF(AND($D$2<1667,$D$3=6),'แบตเตอรีไฟฟ้า (ปี)'!G15,IF(AND($D$2<1667,$D$3=7),'แบตเตอรีไฟฟ้า (ปี)'!H15,IF(AND($D$2<1667,$D$3=8),'แบตเตอรีไฟฟ้า (ปี)'!I15,IF(AND($D$2<1667,$D$3=9),'แบตเตอรีไฟฟ้า (ปี)'!I15,IF(AND($D$2<1667,$D$3=10),'แบตเตอรีไฟฟ้า (ปี)'!K15,IF(AND($D$2<1667,$D$3=11),'แบตเตอรีไฟฟ้า (ปี)'!I15,IF(AND($D$2<1667,$D$3=12),'แบตเตอรีไฟฟ้า (ปี)'!I15,IF(AND($D$2<1667,$D$3=13),'แบตเตอรีไฟฟ้า (ปี)'!I15,IF(AND($D$2<1667,$D$3=14),'แบตเตอรีไฟฟ้า (ปี)'!I15,IF(AND($D$2<1667,$D$3=15),'แบตเตอรีไฟฟ้า (ปี)'!I15,IF(AND($D$2<1667,$D$3=16),'แบตเตอรีไฟฟ้า (ปี)'!Q15,IF(AND($D$2<1667,$D$3=17),'แบตเตอรีไฟฟ้า (ปี)'!Q15,IF(AND($D$2<1667,$D$3=18),'แบตเตอรีไฟฟ้า (ปี)'!Q15,IF(AND($D$2<1667,$D$3=19),'แบตเตอรีไฟฟ้า (ปี)'!Q15,IF(AND($D$2<1667,$D$3=20),'แบตเตอรีไฟฟ้า (ปี)'!Q15,IF(AND($D$2>=1667,$D$4<170000),0,IF(AND($D$2>=1667,$D$4<340000),'แบตเตอรีรถไฟฟ้า(ระยะทาง)'!R15,IF(AND($D$2>=1667,$D$4<510000),'แบตเตอรีรถไฟฟ้า(ระยะทาง)'!AI15,))))))))))))))))))))))) -> 0 | K18: =IF(AND($D$2<1667,$D$3=1),'ค่าบำรุงรักษา(ปี)'!F15,IF(AND($D$2<1667,$D$3=2),'ค่าบำรุงรักษา(ปี)'!J15,IF(AND($D$2<1667,$D$3=3),'ค่าบำรุงรักษา(ปี)'!N15,IF(AND($D$2<1667,$D$3=4),'ค่าบำรุงรักษา(ปี)'!R15,IF(AND($D$2<1667,$D$3=5),'ค่าบำรุงรักษา(ปี)'!V15,IF(AND($D$2<1667,$D$3=6),'ค่าบำรุงรักษา(ปี)'!Z15,IF(AND($D$2<1667,$D$3=7),'ค่าบำรุงรักษา(ปี)'!AD15,IF(AND($D$2<1667,$D$3=8),'ค่าบำรุงรักษา(ปี)'!AH15,IF(AND($D$2<1667,$D$3=9),'ค่าบำรุงรักษา(ปี)'!AL15,IF(AND($D$2<1667,$D$3=10),'ค่าบำรุงรักษา(ปี)'!AP15,IF(AND($D$2<1667,$D$3=11),'ค่าบำรุงรักษา(ปี)'!AT15,IF(AND($D$2<1667,$D$3=12),'ค่าบำรุงรักษา(ปี)'!AX15,IF(AND($D$2<1667,$D$3=13),'ค่าบำรุงรักษา(ปี)'!BB15,IF(AND($D$2<1667,$D$3=14),'ค่าบำรุงรักษา(ปี)'!BF15,IF(AND($D$2<1667,$D$3=15),'ค่าบำรุงรักษา(ปี)'!BJ15,IF(AND($D$2<1667,$D$3=16),'ค่าบำรุงรักษา(ปี)'!BN15,IF(AND($D$2<1667,$D$3=17),'ค่าบำรุงรักษา(ปี)'!BR15,IF(AND($D$2<1667,$D$3=18),'ค่าบำรุงรักษา(ปี)'!BV15,IF(AND($D$2<1667,$D$3=19),'ค่าบำรุงรักษา(ปี)'!BZ15,IF(AND($D$2<1667,$D$3=20),'ค่าบำรุงรักษา(ปี)'!CD15,IF(AND($D$2>=1667,$D$4<30000),'ค่าบำรุงรักษา (ระยะทาง)'!G15,IF(AND($D$2>=1667,$D$4<40000),'ค่าบำรุงรักษา (ระยะทาง)'!I15,IF(AND($D$2>=1667,$D$4<50000),'ค่าบำรุงรักษา (ระยะทาง)'!K15,IF(AND($D$2>=1667,$D$4<60000),'ค่าบำรุงรักษา (ระยะทาง)'!M15,IF(AND($D$2>=1667,$D$4<70000),'ค่าบำรุงรักษา (ระยะทาง)'!O15,IF(AND($D$2>=1667,$D$4<80000),'ค่าบำรุงรักษา (ระยะทาง)'!Q15,IF(AND($D$2>=1667,$D$4<90000),'ค่าบำรุงรักษา (ระยะทาง)'!S15,IF(AND($D$2>=1667,$D$4<100000),'ค่าบำรุงรักษา (ระยะทาง)'!U15,IF(AND($D$2>=1667,$D$4<110000),'ค่าบำรุงรักษา (ระยะทาง)'!W15,IF(AND($D$2>=1667,$D$4<120000),'ค่าบำรุงรักษา (ระยะทาง)'!Y15,IF(AND($D$2>=1667,$D$4<130000),'ค่าบำรุงรักษา (ระยะทาง)'!AA15,IF(AND($D$2>=1667,$D$4<140000),'ค่าบำรุงรักษา (ระยะทาง)'!AC15,IF(AND($D$2>=1667,$D$4<150000),'ค่าบำรุงรักษา (ระยะทาง)'!AE15,IF(AND($D$2>=1667,$D$4<160000),'ค่าบำรุงรักษา (ระยะทาง)'!AG15,IF(AND($D$2>=1667,$D$4<170000),'ค่าบำรุงรักษา (ระยะทาง)'!AI15,IF(AND($D$2>=1667,$D$4<180000),'ค่าบำรุงรักษา (ระยะทาง)'!AK15,IF(AND($D$2>=1667,$D$4<190000),'ค่าบำรุงรักษา (ระยะทาง)'!AM15,IF(AND($D$2>=1667,$D$4<200000),'ค่าบำรุงรักษา (ระยะทาง)'!AO15,IF(AND($D$2>=1667,$D$4<210000),'ค่าบำรุงรักษา (ระยะทาง)'!AQ15,IF(AND($D$2>=1667,$D$4<220000),'ค่าบำรุงรักษา (ระยะทาง)'!AS15,IF(AND($D$2>=1667,$D$4<220000),'ค่าบำรุงรักษา (ระยะทาง)'!AU15,IF(AND($D$2>=1667,$D$4<240000),'ค่าบำรุงรักษา (ระยะทาง)'!AW15,IF(AND($D$2>=1667,$D$4<250000),'ค่าบำรุงรักษา (ระยะทาง)'!AY15,IF(AND($D$2>=1667,$D$4<260000),'ค่าบำรุงรักษา (ระยะทาง)'!BA15,IF(AND($D$2>=1667,$D$4<270000),'ค่าบำรุงรักษา (ระยะทาง)'!BC15,IF(AND($D$2>=1667,$D$4<280000),'ค่าบำรุงรักษา (ระยะทาง)'!BE15,IF(AND($D$2>=1667,$D$4<290000),'ค่าบำรุงรักษา (ระยะทาง)'!BG15,IF(AND($D$2>=1667,$D$4<300000),'ค่าบำรุงรักษา (ระยะทาง)'!BH13,IF(AND($D$2>=1667,$D$4<310000),'ค่าบำรุงรักษา (ระยะทาง)'!BK15,IF(AND($D$2>=1667,$D$4<320000),'ค่าบำรุงรักษา (ระยะทาง)'!BM15,IF(AND($D$2>=1667,$D$4<330000),'ค่าบำรุงรักษา (ระยะทาง)'!BO15,IF(AND($D$2>=1667,$D$4<340000),'ค่าบำรุงรักษา (ระยะทาง)'!BQ15,IF(AND($D$2>=1667,$D$4<350000),'ค่าบำรุงรักษา (ระยะทาง)'!BS15,IF(AND($D$2>=1667,$D$4<370000),'ค่าบำรุงรักษา (ระยะทาง)'!BW15,IF(AND($D$2>=1667,$D$4<380000),'ค่าบำรุงรักษา (ระยะทาง)'!BY15,IF(AND($D$2>=1667,$D$4<390000),'ค่าบำรุงรักษา (ระยะทาง)'!CA15,IF(AND($D$2>=1667,$D$4<400000),'ค่าบำรุงรักษา (ระยะทาง)'!CC15,IF(AND($D$2>=1667,$D$4<430000),'ค่าบำรุงรักษา (ระยะทาง)'!CE15,IF(AND($D$2>=1667,$D$4<430000),'ค่าบำรุงรักษา (ระยะทาง)'!CI15,IF(AND($D$2>=1667,$D$4<440000),'ค่าบำรุงรักษา (ระยะทาง)'!CK15,IF(AND($D$2>=1667,$D$4<460000),'ค่าบำรุงรักษา (ระยะทาง)'!CO15,IF(AND($D$2>=1667,$D$4<470000),'ค่าบำรุงรักษา (ระยะทาง)'!CQ15,IF(AND($D$2>=1667,$D$4<480000),'ค่าบำรุงรักษา (ระยะทาง)'!CS15,IF(AND($D$2>=1667,$D$4<490000),'ค่าบำรุงรักษา (ระยะทาง)'!CU15)))))))))))))))))))))))))))))))))))))))))))))))))))))))))))))))) -> 1400 | L18: =$D$4*$I$4/B18 -> 13745.455 | M18: =C18+E18+F18+G18+H18+I18+K18+L18+J18 -> 747695.66
A19: Mg 4รุ่นX (LT) | B19: =ค่าพลังงาน!B18 -> 5.5 | C19: =ราคาเริ่มต้น!B16 -> 699000 | D19: =IF($D$3=1,ราคาเริ่มต้น!D16,IF($D$3=2,ราคาเริ่มต้น!E16,IF($D$3=3,ราคาเริ่มต้น!F16,IF($D$3=4,ราคาเริ่มต้น!G16,IF($D$3=5,ราคาเริ่มต้น!H16,IF($D$3=6,ราคาเริ่มต้น!I16,IF($D$3=7,ราคาเริ่มต้น!J16,IF($D$3=8,ราคาเริ่มต้น!K16,IF($D$3=9,ราคาเริ่มต้น!L16,IF($D$3=10,ราคาเริ่มต้น!M16,IF($D$3=11,ราคาเริ่มต้น!N16,IF($D$3=12,ราคาเริ่มต้น!O16,IF($D$3=13,ราคาเริ่มต้น!P16,IF($D$3=14,ราคาเริ่มต้น!Q16,IF($D$3=15,ราคาเริ่มต้น!R16,IF($D$3=16,ราคาเริ่มต้น!S16,IF($D$3=17,ราคาเริ่มต้น!T16,IF($D$3=18,ราคาเริ่มต้น!U16,IF($D$3=19,ราคาเริ่มต้น!V16,IF($D$3=20,ราคาเริ่มต้น!W16)))))))))))))))))))) -> 559200 | E19: =IF($D$3=1,ภาษีประจำปี!C16,IF($D$3=2,ภาษีประจำปี!E16,IF($D$3=3,ภาษีประจำปี!F16,IF($D$3=4,ภาษีประจำปี!I16,IF($D$3=5,ภาษีประจำปี!K16,IF($D$3=6,ภาษีประจำปี!M16,IF($D$3=7,ภาษีประจำปี!O16,IF($D$3=8,ภาษีประจำปี!Q16,IF($D$3=9,ภาษีประจำปี!S16,IF($D$3=10,ภาษีประจำปี!U16,IF($D$3=11,ภาษีประจำปี!W16,IF($D$3=12,ภาษีประจำปี!Y16,IF($D$3=13,ภาษีประจำปี!AA16,IF($D$3=14,ภาษีประจำปี!AC16,IF($D$3=15,ภาษีประจำปี!AE16,IF($D$3=16,ภาษีประจำปี!AG16,IF($D$3=17,ภาษีประจำปี!AI16,IF($D$3=18,ภาษีประจำปี!AK16,IF($D$3=19,ภาษีประจำปี!AM16,IF($D$3=20,ภาษีประจำปี!AO16)))))))))))))))))))) -> 260 | F19: =IF($D$3=1,ประกันภัยบังคับ!B16,IF($D$3=2,ประกันภัยบังคับ!C16,IF($D$3=3,ประกันภัยบังคับ!D16,IF($D$3=4,ประกันภัยบังคับ!E16,IF($D$3=5,ประกันภัยบังคับ!F16,IF($D$3=6,ประกันภัยบังคับ!G16,IF($D$3=7,ประกันภัยบังคับ!H16,IF($D$3=8,ประกันภัยบังคับ!I16,IF($D$3=9,ประกันภัยบังคับ!J16,IF($D$3=10,ประกันภัยบังคับ!K16,IF($D$3=11,ประกันภัยบังคับ!L16,IF($D$3=12,ประกันภัยบังคับ!M16,IF($D$3=13,ประกันภัยบังคับ!N16,IF($D$3=14,ประกันภัยบังคับ!O16,IF($D$3=15,ประกันภัยบังคับ!P16,IF($D$3=16,ประกันภัยบังคับ!Q16,IF($D$3=17,ประกันภัยบังคับ!R16,IF($D$3=18,ประกันภัยบังคับ!S16,IF($D$3=19,ประกันภัยบังคับ!T16,IF($D$3=20,ประกันภัยบังคับ!U16)))))))))))))))))))) -> 645.21 | G19: =IF($D$3=1,ประกันภัยชั้น1!C16,IF($D$3=2,ประกันภัยชั้น1!E16,IF($D$3=3,ประกันภัยชั้น1!G16,IF($D$3=4,ประกันภัยชั้น1!I16,IF($D$3=5,ประกันภัยชั้น1!K16,IF($D$3=6,ประกันภัยชั้น1!M16,IF($D$3=7,ประกันภัยชั้น1!O16,IF($D$3=8,ประกันภัยชั้น1!Q16,IF($D$3=9,ประกันภัยชั้น1!S16,IF($D$3=10,ประกันภัยชั้น1!U16,IF($D$3=11,ประกันภัยชั้น1!W16,IF($D$3=12,ประกันภัยชั้น1!Y16,IF($D$3=13,ประกันภัยชั้น1!AA16,IF($D$3=14,ประกันภัยชั้น1!AC16,IF($D$3=15,ประกันภัยชั้น1!AE16,IF($D$3=16,ประกันภัยชั้น1!AG16,IF($D$3=17,ประกันภัยชั้น1!AI16,IF($D$3=18,ประกันภัยชั้น1!AK16,IF($D$3=19,ประกันภัยชั้น1!AM16,IF($D$3=20,ประกันภัยชั้น1!AO16)))))))))))))))))))) -> 32645 | H19: =IF(AND($D$2<1667,$D$3=1),'ยางรถ (ปี)'!B18,IF(AND($D$2<1667,$D$3=2),'ยางรถ (ปี)'!C18,IF(AND($D$2<1667,$D$3=3),'ยางรถ (ปี)'!C18,IF(AND($D$2<1667,$D$3=4),'ยางรถ (ปี)'!E18,IF(AND($D$2<1667,$D$3=5),'ยางรถ (ปี)'!E18,IF(AND($D$2<1667,$D$3=6),'ยางรถ (ปี)'!G18,IF(AND($D$2<1667,$D$3=7),'ยางรถ (ปี)'!G18,IF(AND($D$2<1667,$D$3=8),'ยางรถ (ปี)'!I18,IF(AND($D$2<1667,$D$3=9),'ยางรถ (ปี)'!I18,IF(AND($D$2<1667,$D$3=10),'ยางรถ (ปี)'!K18,IF(AND($D$2<1667,$D$3=11),'ยางรถ (ปี)'!K18,IF(AND($D$2<1667,$D$3=12),'ยางรถ (ปี)'!M18,IF(AND($D$2<1667,$D$3=13),'ยางรถ (ปี)'!M18,IF(AND($D$2<1667,$D$3=14),'ยางรถ (ปี)'!O18,IF(AND($D$2<1667,$D$3=15),'ยางรถ (ปี)'!O18,IF(AND($D$2<1667,$D$3=16),'ยางรถ (ปี)'!Q18,IF(AND($D$2<1667,$D$3=17),'ยางรถ (ปี)'!Q18,IF(AND($D$2<1667,$D$3=18),'ยางรถ (ปี)'!S18,IF(AND($D$2<1667,$D$3=19),'ยางรถ (ปี)'!S18,IF(AND($D$2<1667,$D$3=20),'ยางรถ (ปี)'!U18,IF(AND($D$2<1667,$D$3=21),'ยางรถ (ปี)'!V18,IF(AND($D$2>=1667,$D$4<40000),0,IF(AND($D$2>=1667, $D$4<80000),'ยางรถ(ระยะทาง)'!F16,IF(AND($D$2>=1667, $D$4<120000),'ยางรถ(ระยะทาง)'!L16,IF(AND($D$2>=1667, $D$4<160000),'ยางรถ(ระยะทาง)'!R16,IF(AND($D$2>=1667, $D$4<200000),'ยางรถ(ระยะทาง)'!X16,IF(AND($D$2>=1667, $D$4<240000),'ยางรถ(ระยะทาง)'!Y16,IF(AND($D$2>=1667, $D$4<280000),'ยางรถ(ระยะทาง)'!AE16,IF(AND($D$2>=1667, $D$4<320000),'ยางรถ(ระยะทาง)'!AK16,IF(AND($D$2>=1667, $D$4<360000),'ยางรถ(ระยะทาง)'!AQ16,IF(AND($D$2>=1667, $D$4<400000),'ยางรถ(ระยะทาง)'!AW16,IF(AND($D$2>=1667, $D$4<440000),'ยางรถ(ระยะทาง)'!AX16,IF(AND($D$2>=1667, $D$4<480000),'ยางรถ(ระยะทาง)'!BC16,IF(AND($D$2>=1667, $D$4<520000),'ยางรถ(ระยะทาง)'!BI16,IF(AND($D$2>=1667, $D$4<560000),'ยางรถ(ระยะทาง)'!BK16,IF(AND($D$2>=1667, $D$4<600000),'ยางรถ(ระยะทาง)'!BM16,IF(AND($D$2>=1667, $D$4<640000),'ยางรถ(ระยะทาง)'!BN16,IF(AND($D$2>=1667, $D$4<680000),'ยางรถ(ระยะทาง)'!BO16,IF(AND($D$2>=1667, $D$4<720000),'ยางรถ(ระยะทาง)'!BQ16,IF(AND($D$2>=1667, $D$4<760000),'ยางรถ(ระยะทาง)'!BS16,IF(AND($D$2>=1667, $D$4<800000),'ยางรถ(ระยะทาง)'!BU16))))))))))))))))))))))))))))))))))))))))) -> 0 | I19: =IF(AND($D$2<1667,$D$3=1),'แบตเตอร์รี่ (ปี)'!B16,IF(AND($D$2<1667,$D$3=2),'แบตเตอร์รี่ (ปี)'!C16,IF(AND($D$2<1667,$D$3=3),'แบตเตอร์รี่ (ปี)'!C16,IF(AND($D$2<1667,$D$3=4),'แบตเตอร์รี่ (ปี)'!E16,IF(AND($D$2<1667,$D$3=5),'แบตเตอร์รี่ (ปี)'!E16,IF(AND($D$2<1667,$D$3=6),'แบตเตอร์รี่ (ปี)'!G16,IF(AND($D$2<1667,$D$3=7),'แบตเตอร์รี่ (ปี)'!G16,IF(AND($D$2<1667,$D$3=8),'แบตเตอร์รี่ (ปี)'!I16,IF(AND($D$2<1667,$D$3=9),'แบตเตอร์รี่ (ปี)'!I16,IF(AND($D$2<1667,$D$3=10),'แบตเตอร์รี่ (ปี)'!K16,IF(AND($D$2<1667,$D$3=11),'แบตเตอร์รี่ (ปี)'!K16,IF(AND($D$2<1667,$D$3=12),'แบตเตอร์รี่ (ปี)'!M16,IF(AND($D$2<1667,$D$3=13),'แบตเตอร์รี่ (ปี)'!M16,IF(AND($D$2<1667,$D$3=14),'แบตเตอร์รี่ (ปี)'!O16,IF(AND($D$2<1667,$D$3=15),'แบตเตอร์รี่ (ปี)'!O16,IF(AND($D$2<1667,$D$3=16),'แบตเตอร์รี่ (ปี)'!Q16,IF(AND($D$2<1667,$D$3=17),'แบตเตอร์รี่ (ปี)'!Q16,IF(AND($D$2<1667,$D$3=18),'แบตเตอร์รี่ (ปี)'!S16,IF(AND($D$2<1667,$D$3=19),'แบตเตอร์รี่ (ปี)'!S16,IF(AND($D$2<1667,$D$3=20),'แบตเตอร์รี่ (ปี)'!U16,IF(AND($D$2>=1667,$D$4<40000),0,IF(AND($D$2>=1667,$D$4<80000),'แบตเตอรี(ระยะทาง) '!E16,IF(AND($D$2>=1667,$D$4<120000),'แบตเตอรี(ระยะทาง) '!I16,IF(AND($D$2>=1667,$D$4<160000),'แบตเตอรี(ระยะทาง) '!M16,IF(AND($D$2>=1667,$D$4<200000),'แบตเตอรี(ระยะทาง) '!Q16,IF(AND($D$2>=1667,$D$4<240000),'แบตเตอรี(ระยะทาง) '!E16,IF(AND($D$2>=1667,$D$4<280000),'แบตเตอรี(ระยะทาง) '!Y16,IF(AND($D$2>=1667,$D$4<320000),'แบตเตอรี(ระยะทาง) '!AC16,IF(AND($D$2>=1667,$D$4<360000),'แบตเตอรี(ระยะทาง) '!AG16,IF(AND($D$2>=1667,$D$4<400000),'แบตเตอรี(ระยะทาง) '!AK16,IF(AND($D$2>=1667,$D$4<440000),'แบตเตอรี(ระยะทาง) '!AO16,IF(AND($D$2>=1667,$D$4<480000),'แบตเตอรี(ระยะทาง) '!AS16,IF(AND($D$2>=1667,$D$4<50000),'แบตเตอรี(ระยะทาง) '!AW16,))))))))))))))))))))))))))))))))) -> 0 | J19: =IF(AND($D$2<1667,$D$3=1),'แบตเตอรีไฟฟ้า (ปี)'!B16,IF(AND($D$2<1667,$D$3=2),'แบตเตอรีไฟฟ้า (ปี)'!C16,IF(AND($D$2<1667,$D$3=3),'แบตเตอรีไฟฟ้า (ปี)'!D16,IF(AND($D$2<1667,$D$3=4),'แบตเตอรีไฟฟ้า (ปี)'!E16,IF(AND($D$2<1667,$D$3=5),'แบตเตอรีไฟฟ้า (ปี)'!F16,IF(AND($D$2<1667,$D$3=6),'แบตเตอรีไฟฟ้า (ปี)'!G16,IF(AND($D$2<1667,$D$3=7),'แบตเตอรีไฟฟ้า (ปี)'!H16,IF(AND($D$2<1667,$D$3=8),'แบตเตอรีไฟฟ้า (ปี)'!I16,IF(AND($D$2<1667,$D$3=9),'แบตเตอรีไฟฟ้า (ปี)'!I16,IF(AND($D$2<1667,$D$3=10),'แบตเตอรีไฟฟ้า (ปี)'!K16,IF(AND($D$2<1667,$D$3=11),'แบตเตอรีไฟฟ้า (ปี)'!I16,IF(AND($D$2<1667,$D$3=12),'แบตเตอรีไฟฟ้า (ปี)'!I16,IF(AND($D$2<1667,$D$3=13),'แบตเตอรีไฟฟ้า (ปี)'!I16,IF(AND($D$2<1667,$D$3=14),'แบตเตอรีไฟฟ้า (ปี)'!I16,IF(AND($D$2<1667,$D$3=15),'แบตเตอรีไฟฟ้า (ปี)'!I16,IF(AND($D$2<1667,$D$3=16),'แบตเตอรีไฟฟ้า (ปี)'!Q16,IF(AND($D$2<1667,$D$3=17),'แบตเตอรีไฟฟ้า (ปี)'!Q16,IF(AND($D$2<1667,$D$3=18),'แบตเตอรีไฟฟ้า (ปี)'!Q16,IF(AND($D$2<1667,$D$3=19),'แบตเตอรีไฟฟ้า (ปี)'!Q16,IF(AND($D$2<1667,$D$3=20),'แบตเตอรีไฟฟ้า (ปี)'!Q16,IF(AND($D$2>=1667,$D$4<170000),0,IF(AND($D$2>=1667,$D$4<340000),'แบตเตอรีรถไฟฟ้า(ระยะทาง)'!R16,IF(AND($D$2>=1667,$D$4<510000),'แบตเตอรีรถไฟฟ้า(ระยะทาง)'!AI16,))))))))))))))))))))))) -> 0 | K19: =IF(AND($D$2<1667,$D$3=1),'ค่าบำรุงรักษา(ปี)'!F16,IF(AND($D$2<1667,$D$3=2),'ค่าบำรุงรักษา(ปี)'!J16,IF(AND($D$2<1667,$D$3=3),'ค่าบำรุงรักษา(ปี)'!N16,IF(AND($D$2<1667,$D$3=4),'ค่าบำรุงรักษา(ปี)'!R16,IF(AND($D$2<1667,$D$3=5),'ค่าบำรุงรักษา(ปี)'!V16,IF(AND($D$2<1667,$D$3=6),'ค่าบำรุงรักษา(ปี)'!Z16,IF(AND($D$2<1667,$D$3=7),'ค่าบำรุงรักษา(ปี)'!AD16,IF(AND($D$2<1667,$D$3=8),'ค่าบำรุงรักษา(ปี)'!AH16,IF(AND($D$2<1667,$D$3=9),'ค่าบำรุงรักษา(ปี)'!AL16,IF(AND($D$2<1667,$D$3=10),'ค่าบำรุงรักษา(ปี)'!AP16,IF(AND($D$2<1667,$D$3=11),'ค่าบำรุงรักษา(ปี)'!AT16,IF(AND($D$2<1667,$D$3=12),'ค่าบำรุงรักษา(ปี)'!AX16,IF(AND($D$2<1667,$D$3=13),'ค่าบำรุงรักษา(ปี)'!BB16,IF(AND($D$2<1667,$D$3=14),'ค่าบำรุงรักษา(ปี)'!BF16,IF(AND($D$2<1667,$D$3=15),'ค่าบำรุงรักษา(ปี)'!BJ16,IF(AND($D$2<1667,$D$3=16),'ค่าบำรุงรักษา(ปี)'!BN16,IF(AND($D$2<1667,$D$3=17),'ค่าบำรุงรักษา(ปี)'!BR16,IF(AND($D$2<1667,$D$3=18),'ค่าบำรุงรักษา(ปี)'!BV16,IF(AND($D$2<1667,$D$3=19),'ค่าบำรุงรักษา(ปี)'!BZ16,IF(AND($D$2<1667,$D$3=20),'ค่าบำรุงรักษา(ปี)'!CD16,IF(AND($D$2>=1667,$D$4<30000),'ค่าบำรุงรักษา (ระยะทาง)'!G16,IF(AND($D$2>=1667,$D$4<40000),'ค่าบำรุงรักษา (ระยะทาง)'!I16,IF(AND($D$2>=1667,$D$4<50000),'ค่าบำรุงรักษา (ระยะทาง)'!K16,IF(AND($D$2>=1667,$D$4<60000),'ค่าบำรุงรักษา (ระยะทาง)'!M16,IF(AND($D$2>=1667,$D$4<70000),'ค่าบำรุงรักษา (ระยะทาง)'!O16,IF(AND($D$2>=1667,$D$4<80000),'ค่าบำรุงรักษา (ระยะทาง)'!Q16,IF(AND($D$2>=1667,$D$4<90000),'ค่าบำรุงรักษา (ระยะทาง)'!S16,IF(AND($D$2>=1667,$D$4<100000),'ค่าบำรุงรักษา (ระยะทาง)'!U16,IF(AND($D$2>=1667,$D$4<110000),'ค่าบำรุงรักษา (ระยะทาง)'!W16,IF(AND($D$2>=1667,$D$4<120000),'ค่าบำรุงรักษา (ระยะทาง)'!Y16,IF(AND($D$2>=1667,$D$4<130000),'ค่าบำรุงรักษา (ระยะทาง)'!AA16,IF(AND($D$2>=1667,$D$4<140000),'ค่าบำรุงรักษา (ระยะทาง)'!AC16,IF(AND($D$2>=1667,$D$4<150000),'ค่าบำรุงรักษา (ระยะทาง)'!AE16,IF(AND($D$2>=1667,$D$4<160000),'ค่าบำรุงรักษา (ระยะทาง)'!AG16,IF(AND($D$2>=1667,$D$4<170000),'ค่าบำรุงรักษา (ระยะทาง)'!AI16,IF(AND($D$2>=1667,$D$4<180000),'ค่าบำรุงรักษา (ระยะทาง)'!AK16,IF(AND($D$2>=1667,$D$4<190000),'ค่าบำรุงรักษา (ระยะทาง)'!AM16,IF(AND($D$2>=1667,$D$4<200000),'ค่าบำรุงรักษา (ระยะทาง)'!AO16,IF(AND($D$2>=1667,$D$4<210000),'ค่าบำรุงรักษา (ระยะทาง)'!AQ16,IF(AND($D$2>=1667,$D$4<220000),'ค่าบำรุงรักษา (ระยะทาง)'!AS16,IF(AND($D$2>=1667,$D$4<220000),'ค่าบำรุงรักษา (ระยะทาง)'!AU16,IF(AND($D$2>=1667,$D$4<240000),'ค่าบำรุงรักษา (ระยะทาง)'!AW16,IF(AND($D$2>=1667,$D$4<250000),'ค่าบำรุงรักษา (ระยะทาง)'!AY16,IF(AND($D$2>=1667,$D$4<260000),'ค่าบำรุงรักษา (ระยะทาง)'!BA16,IF(AND($D$2>=1667,$D$4<270000),'ค่าบำรุงรักษา (ระยะทาง)'!BC16,IF(AND($D$2>=1667,$D$4<280000),'ค่าบำรุงรักษา (ระยะทาง)'!BE16,IF(AND($D$2>=1667,$D$4<290000),'ค่าบำรุงรักษา (ระยะทาง)'!BG16,IF(AND($D$2>=1667,$D$4<300000),'ค่าบำรุงรักษา (ระยะทาง)'!BH14,IF(AND($D$2>=1667,$D$4<310000),'ค่าบำรุงรักษา (ระยะทาง)'!BK16,IF(AND($D$2>=1667,$D$4<320000),'ค่าบำรุงรักษา (ระยะทาง)'!BM16,IF(AND($D$2>=1667,$D$4<330000),'ค่าบำรุงรักษา (ระยะทาง)'!BO16,IF(AND($D$2>=1667,$D$4<340000),'ค่าบำรุงรักษา (ระยะทาง)'!BQ16,IF(AND($D$2>=1667,$D$4<350000),'ค่าบำรุงรักษา (ระยะทาง)'!BS16,IF(AND($D$2>=1667,$D$4<370000),'ค่าบำรุงรักษา (ระยะทาง)'!BW16,IF(AND($D$2>=1667,$D$4<380000),'ค่าบำรุงรักษา (ระยะทาง)'!BY16,IF(AND($D$2>=1667,$D$4<390000),'ค่าบำรุงรักษา (ระยะทาง)'!CA16,IF(AND($D$2>=1667,$D$4<400000),'ค่าบำรุงรักษา (ระยะทาง)'!CC16,IF(AND($D$2>=1667,$D$4<430000),'ค่าบำรุงรักษา (ระยะทาง)'!CE16,IF(AND($D$2>=1667,$D$4<430000),'ค่าบำรุงรักษา (ระยะทาง)'!CI16,IF(AND($D$2>=1667,$D$4<440000),'ค่าบำรุงรักษา (ระยะทาง)'!CK16,IF(AND($D$2>=1667,$D$4<460000),'ค่าบำรุงรักษา (ระยะทาง)'!CO16,IF(AND($D$2>=1667,$D$4<470000),'ค่าบำรุงรักษา (ระยะทาง)'!CQ16,IF(AND($D$2>=1667,$D$4<480000),'ค่าบำรุงรักษา (ระยะทาง)'!CS16,IF(AND($D$2>=1667,$D$4<490000),'ค่าบำรุงรักษา (ระยะทาง)'!CU16)))))))))))))))))))))))))))))))))))))))))))))))))))))))))))))))) -> 1400 | L19: =$D$4*$I$4/B19 -> 13745.455 | M19: =C19+E19+F19+G19+H19+I19+K19+L19+J19 -> 747695.66
A20: BYD Atto 3 | B20: =ค่าพลังงาน!B19 -> 5.6 | C20: =ราคาเริ่มต้น!B17 -> 799000 | D20: =IF($D$3=1,ราคาเริ่มต้น!D17,IF($D$3=2,ราคาเริ่มต้น!E17,IF($D$3=3,ราคาเริ่มต้น!F17,IF($D$3=4,ราคาเริ่มต้น!G17,IF($D$3=5,ราคาเริ่มต้น!H17,IF($D$3=6,ราคาเริ่มต้น!I17,IF($D$3=7,ราคาเริ่มต้น!J17,IF($D$3=8,ราคาเริ่มต้น!K17,IF($D$3=9,ราคาเริ่มต้น!L17,IF($D$3=10,ราคาเริ่มต้น!M17,IF($D$3=11,ราคาเริ่มต้น!N17,IF($D$3=12,ราคาเริ่มต้น!O17,IF($D$3=13,ราคาเริ่มต้น!P17,IF($D$3=14,ราคาเริ่มต้น!Q17,IF($D$3=15,ราคาเริ่มต้น!R17,IF($D$3=16,ราคาเริ่มต้น!S17,IF($D$3=17,ราคาเริ่มต้น!T17,IF($D$3=18,ราคาเริ่มต้น!U17,IF($D$3=19,ราคาเริ่มต้น!V17,IF($D$3=20,ราคาเริ่มต้น!W17)))))))))))))))))))) -> 639200 | E20: =IF($D$3=1,ภาษีประจำปี!C17,IF($D$3=2,ภาษีประจำปี!E17,IF($D$3=3,ภาษีประจำปี!F17,IF($D$3=4,ภาษีประจำปี!I17,IF($D$3=5,ภาษีประจำปี!K17,IF($D$3=6,ภาษีประจำปี!M17,IF($D$3=7,ภาษีประจำปี!O17,IF($D$3=8,ภาษีประจำปี!Q17,IF($D$3=9,ภาษีประจำปี!S17,IF($D$3=10,ภาษีประจำปี!U17,IF($D$3=11,ภาษีประจำปี!W17,IF($D$3=12,ภาษีประจำปี!Y17,IF($D$3=13,ภาษีประจำปี!AA17,IF($D$3=14,ภาษีประจำปี!AC17,IF($D$3=15,ภาษีประจำปี!AE17,IF($D$3=16,ภาษีประจำปี!AG17,IF($D$3=17,ภาษีประจำปี!AI17,IF($D$3=18,ภาษีประจำปี!AK17,IF($D$3=19,ภาษีประจำปี!AM17,IF($D$3=20,ภาษีประจำปี!AO17)))))))))))))))))))) -> 260 | F20: =IF($D$3=1,ประกันภัยบังคับ!B17,IF($D$3=2,ประกันภัยบังคับ!C17,IF($D$3=3,ประกันภัยบังคับ!D17,IF($D$3=4,ประกันภัยบังคับ!E17,IF($D$3=5,ประกันภัยบังคับ!F17,IF($D$3=6,ประกันภัยบังคับ!G17,IF($D$3=7,ประกันภัยบังคับ!H17,IF($D$3=8,ประกันภัยบังคับ!I17,IF($D$3=9,ประกันภัยบังคับ!J17,IF($D$3=10,ประกันภัยบังคับ!K17,IF($D$3=11,ประกันภัยบังคับ!L17,IF($D$3=12,ประกันภัยบังคับ!M17,IF($D$3=13,ประกันภัยบังคับ!N17,IF($D$3=14,ประกันภัยบังคับ!O17,IF($D$3=15,ประกันภัยบังคับ!P17,IF($D$3=16,ประกันภัยบังคับ!Q17,IF($D$3=17,ประกันภัยบังคับ!R17,IF($D$3=18,ประกันภัยบังคับ!S17,IF($D$3=19,ประกันภัยบังคับ!T17,IF($D$3=20,ประกันภัยบังคับ!U17)))))))))))))))))))) -> 645.21 | G20: =IF($D$3=1,ประกันภัยชั้น1!C17,IF($D$3=2,ประกันภัยชั้น1!E17,IF($D$3=3,ประกันภัยชั้น1!G17,IF($D$3=4,ประกันภัยชั้น1!I17,IF($D$3=5,ประกันภัยชั้น1!K17,IF($D$3=6,ประกันภัยชั้น1!M17,IF($D$3=7,ประกันภัยชั้น1!O17,IF($D$3=8,ประกันภัยชั้น1!Q17,IF($D$3=9,ประกันภัยชั้น1!S17,IF($D$3=10,ประกันภัยชั้น1!U17,IF($D$3=11,ประกันภัยชั้น1!W17,IF($D$3=12,ประกันภัยชั้น1!Y17,IF($D$3=13,ประกันภัยชั้น1!AA17,IF($D$3=14,ประกันภัยชั้น1!AC17,IF($D$3=15,ประกันภัยชั้น1!AE17,IF($D$3=16,ประกันภัยชั้น1!AG17,IF($D$3=17,ประกันภัยชั้น1!AI17,IF($D$3=18,ประกันภัยชั้น1!AK17,IF($D$3=19,ประกันภัยชั้น1!AM17,IF($D$3=20,ประกันภัยชั้น1!AO17)))))))))))))))))))) -> 32281 | H20: =IF(AND($D$2<1667,$D$3=1),'ยางรถ (ปี)'!B19,IF(AND($D$2<1667,$D$3=2),'ยางรถ (ปี)'!C19,IF(AND($D$2<1667,$D$3=3),'ยางรถ (ปี)'!C19,IF(AND($D$2<1667,$D$3=4),'ยางรถ (ปี)'!E19,IF(AND($D$2<1667,$D$3=5),'ยางรถ (ปี)'!E19,IF(AND($D$2<1667,$D$3=6),'ยางรถ (ปี)'!G19,IF(AND($D$2<1667,$D$3=7),'ยางรถ (ปี)'!G19,IF(AND($D$2<1667,$D$3=8),'ยางรถ (ปี)'!I19,IF(AND($D$2<1667,$D$3=9),'ยางรถ (ปี)'!I19,IF(AND($D$2<1667,$D$3=10),'ยางรถ (ปี)'!K19,IF(AND($D$2<1667,$D$3=11),'ยางรถ (ปี)'!K19,IF(AND($D$2<1667,$D$3=12),'ยางรถ (ปี)'!M19,IF(AND($D$2<1667,$D$3=13),'ยางรถ (ปี)'!M19,IF(AND($D$2<1667,$D$3=14),'ยางรถ (ปี)'!O19,IF(AND($D$2<1667,$D$3=15),'ยางรถ (ปี)'!O19,IF(AND($D$2<1667,$D$3=16),'ยางรถ (ปี)'!Q19,IF(AND($D$2<1667,$D$3=17),'ยางรถ (ปี)'!Q19,IF(AND($D$2<1667,$D$3=18),'ยางรถ (ปี)'!S19,IF(AND($D$2<1667,$D$3=19),'ยางรถ (ปี)'!S19,IF(AND($D$2<1667,$D$3=20),'ยางรถ (ปี)'!U19,IF(AND($D$2<1667,$D$3=21),'ยางรถ (ปี)'!V19,IF(AND($D$2>=1667,$D$4<40000),0,IF(AND($D$2>=1667, $D$4<80000),'ยางรถ(ระยะทาง)'!F17,IF(AND($D$2>=1667, $D$4<120000),'ยางรถ(ระยะทาง)'!L17,IF(AND($D$2>=1667, $D$4<160000),'ยางรถ(ระยะทาง)'!R17,IF(AND($D$2>=1667, $D$4<200000),'ยางรถ(ระยะทาง)'!X17,IF(AND($D$2>=1667, $D$4<240000),'ยางรถ(ระยะทาง)'!Y17,IF(AND($D$2>=1667, $D$4<280000),'ยางรถ(ระยะทาง)'!AE17,IF(AND($D$2>=1667, $D$4<320000),'ยางรถ(ระยะทาง)'!AK17,IF(AND($D$2>=1667, $D$4<360000),'ยางรถ(ระยะทาง)'!AQ17,IF(AND($D$2>=1667, $D$4<400000),'ยางรถ(ระยะทาง)'!AW17,IF(AND($D$2>=1667, $D$4<440000),'ยางรถ(ระยะทาง)'!AX17,IF(AND($D$2>=1667, $D$4<480000),'ยางรถ(ระยะทาง)'!BC17,IF(AND($D$2>=1667, $D$4<520000),'ยางรถ(ระยะทาง)'!BI17,IF(AND($D$2>=1667, $D$4<560000),'ยางรถ(ระยะทาง)'!BK17,IF(AND($D$2>=1667, $D$4<600000),'ยางรถ(ระยะทาง)'!BM17,IF(AND($D$2>=1667, $D$4<640000),'ยางรถ(ระยะทาง)'!BN17,IF(AND($D$2>=1667, $D$4<680000),'ยางรถ(ระยะทาง)'!BO17,IF(AND($D$2>=1667, $D$4<720000),'ยางรถ(ระยะทาง)'!BQ17,IF(AND($D$2>=1667, $D$4<760000),'ยางรถ(ระยะทาง)'!BS17,IF(AND($D$2>=1667, $D$4<800000),'ยางรถ(ระยะทาง)'!BU17))))))))))))))))))))))))))))))))))))))))) -> 0 | I20: =IF(AND($D$2<1667,$D$3=1),'แบตเตอร์รี่ (ปี)'!B17,IF(AND($D$2<1667,$D$3=2),'แบตเตอร์รี่ (ปี)'!C17,IF(AND($D$2<1667,$D$3=3),'แบตเตอร์รี่ (ปี)'!C17,IF(AND($D$2<1667,$D$3=4),'แบตเตอร์รี่ (ปี)'!E17,IF(AND($D$2<1667,$D$3=5),'แบตเตอร์รี่ (ปี)'!E17,IF(AND($D$2<1667,$D$3=6),'แบตเตอร์รี่ (ปี)'!G17,IF(AND($D$2<1667,$D$3=7),'แบตเตอร์รี่ (ปี)'!G17,IF(AND($D$2<1667,$D$3=8),'แบตเตอร์รี่ (ปี)'!I17,IF(AND($D$2<1667,$D$3=9),'แบตเตอร์รี่ (ปี)'!I17,IF(AND($D$2<1667,$D$3=10),'แบตเตอร์รี่ (ปี)'!K17,IF(AND($D$2<1667,$D$3=11),'แบตเตอร์รี่ (ปี)'!K17,IF(AND($D$2<1667,$D$3=12),'แบตเตอร์รี่ (ปี)'!M17,IF(AND($D$2<1667,$D$3=13),'แบตเตอร์รี่ (ปี)'!M17,IF(AND($D$2<1667,$D$3=14),'แบตเตอร์รี่ (ปี)'!O17,IF(AND($D$2<1667,$D$3=15),'แบตเตอร์รี่ (ปี)'!O17,IF(AND($D$2<1667,$D$3=16),'แบตเตอร์รี่ (ปี)'!Q17,IF(AND($D$2<1667,$D$3=17),'แบตเตอร์รี่ (ปี)'!Q17,IF(AND($D$2<1667,$D$3=18),'แบตเตอร์รี่ (ปี)'!S17,IF(AND($D$2<1667,$D$3=19),'แบตเตอร์รี่ (ปี)'!S17,IF(AND($D$2<1667,$D$3=20),'แบตเตอร์รี่ (ปี)'!U17,IF(AND($D$2>=1667,$D$4<40000),0,IF(AND($D$2>=1667,$D$4<80000),'แบตเตอรี(ระยะทาง) '!E17,IF(AND($D$2>=1667,$D$4<120000),'แบตเตอรี(ระยะทาง) '!I17,IF(AND($D$2>=1667,$D$4<160000),'แบตเตอรี(ระยะทาง) '!M17,IF(AND($D$2>=1667,$D$4<200000),'แบตเตอรี(ระยะทาง) '!Q17,IF(AND($D$2>=1667,$D$4<240000),'แบตเตอรี(ระยะทาง) '!E17,IF(AND($D$2>=1667,$D$4<280000),'แบตเตอรี(ระยะทาง) '!Y17,IF(AND($D$2>=1667,$D$4<320000),'แบตเตอรี(ระยะทาง) '!AC17,IF(AND($D$2>=1667,$D$4<360000),'แบตเตอรี(ระยะทาง) '!AG17,IF(AND($D$2>=1667,$D$4<400000),'แบตเตอรี(ระยะทาง) '!AK17,IF(AND($D$2>=1667,$D$4<440000),'แบตเตอรี(ระยะทาง) '!AO17,IF(AND($D$2>=1667,$D$4<480000),'แบตเตอรี(ระยะทาง) '!AS17,IF(AND($D$2>=1667,$D$4<50000),'แบตเตอรี(ระยะทาง) '!AW17,))))))))))))))))))))))))))))))))) -> 0 | J20: =IF(AND($D$2<1667,$D$3=1),'แบตเตอรีไฟฟ้า (ปี)'!B17,IF(AND($D$2<1667,$D$3=2),'แบตเตอรีไฟฟ้า (ปี)'!C17,IF(AND($D$2<1667,$D$3=3),'แบตเตอรีไฟฟ้า (ปี)'!D17,IF(AND($D$2<1667,$D$3=4),'แบตเตอรีไฟฟ้า (ปี)'!E17,IF(AND($D$2<1667,$D$3=5),'แบตเตอรีไฟฟ้า (ปี)'!F17,IF(AND($D$2<1667,$D$3=6),'แบตเตอรีไฟฟ้า (ปี)'!G17,IF(AND($D$2<1667,$D$3=7),'แบตเตอรีไฟฟ้า (ปี)'!H17,IF(AND($D$2<1667,$D$3=8),'แบตเตอรีไฟฟ้า (ปี)'!I17,IF(AND($D$2<1667,$D$3=9),'แบตเตอรีไฟฟ้า (ปี)'!I17,IF(AND($D$2<1667,$D$3=10),'แบตเตอรีไฟฟ้า (ปี)'!K17,IF(AND($D$2<1667,$D$3=11),'แบตเตอรีไฟฟ้า (ปี)'!I17,IF(AND($D$2<1667,$D$3=12),'แบตเตอรีไฟฟ้า (ปี)'!I17,IF(AND($D$2<1667,$D$3=13),'แบตเตอรีไฟฟ้า (ปี)'!I17,IF(AND($D$2<1667,$D$3=14),'แบตเตอรีไฟฟ้า (ปี)'!I17,IF(AND($D$2<1667,$D$3=15),'แบตเตอรีไฟฟ้า (ปี)'!I17,IF(AND($D$2<1667,$D$3=16),'แบตเตอรีไฟฟ้า (ปี)'!Q17,IF(AND($D$2<1667,$D$3=17),'แบตเตอรีไฟฟ้า (ปี)'!Q17,IF(AND($D$2<1667,$D$3=18),'แบตเตอรีไฟฟ้า (ปี)'!Q17,IF(AND($D$2<1667,$D$3=19),'แบตเตอรีไฟฟ้า (ปี)'!Q17,IF(AND($D$2<1667,$D$3=20),'แบตเตอรีไฟฟ้า (ปี)'!Q17,IF(AND($D$2>=1667,$D$4<170000),0,IF(AND($D$2>=1667,$D$4<340000),'แบตเตอรีรถไฟฟ้า(ระยะทาง)'!R17,IF(AND($D$2>=1667,$D$4<510000),'แบตเตอรีรถไฟฟ้า(ระยะทาง)'!AI17,))))))))))))))))))))))) -> 0 | K20: =IF(AND($D$2<1667,$D$3=1),'ค่าบำรุงรักษา(ปี)'!F17,IF(AND($D$2<1667,$D$3=2),'ค่าบำรุงรักษา(ปี)'!J17,IF(AND($D$2<1667,$D$3=3),'ค่าบำรุงรักษา(ปี)'!N17,IF(AND($D$2<1667,$D$3=4),'ค่าบำรุงรักษา(ปี)'!R17,IF(AND($D$2<1667,$D$3=5),'ค่าบำรุงรักษา(ปี)'!V17,IF(AND($D$2<1667,$D$3=6),'ค่าบำรุงรักษา(ปี)'!Z17,IF(AND($D$2<1667,$D$3=7),'ค่าบำรุงรักษา(ปี)'!AD17,IF(AND($D$2<1667,$D$3=8),'ค่าบำรุงรักษา(ปี)'!AH17,IF(AND($D$2<1667,$D$3=9),'ค่าบำรุงรักษา(ปี)'!AL17,IF(AND($D$2<1667,$D$3=10),'ค่าบำรุงรักษา(ปี)'!AP17,IF(AND($D$2<1667,$D$3=11),'ค่าบำรุงรักษา(ปี)'!AT17,IF(AND($D$2<1667,$D$3=12),'ค่าบำรุงรักษา(ปี)'!AX17,IF(AND($D$2<1667,$D$3=13),'ค่าบำรุงรักษา(ปี)'!BB17,IF(AND($D$2<1667,$D$3=14),'ค่าบำรุงรักษา(ปี)'!BF17,IF(AND($D$2<1667,$D$3=15),'ค่าบำรุงรักษา(ปี)'!BJ17,IF(AND($D$2<1667,$D$3=16),'ค่าบำรุงรักษา(ปี)'!BN17,IF(AND($D$2<1667,$D$3=17),'ค่าบำรุงรักษา(ปี)'!BR17,IF(AND($D$2<1667,$D$3=18),'ค่าบำรุงรักษา(ปี)'!BV17,IF(AND($D$2<1667,$D$3=19),'ค่าบำรุงรักษา(ปี)'!BZ17,IF(AND($D$2<1667,$D$3=20),'ค่าบำรุงรักษา(ปี)'!CD17,IF(AND($D$2>=1667,$D$4<30000),'ค่าบำรุงรักษา (ระยะทาง)'!G17,IF(AND($D$2>=1667,$D$4<40000),'ค่าบำรุงรักษา (ระยะทาง)'!I17,IF(AND($D$2>=1667,$D$4<50000),'ค่าบำรุงรักษา (ระยะทาง)'!K17,IF(AND($D$2>=1667,$D$4<60000),'ค่าบำรุงรักษา (ระยะทาง)'!M17,IF(AND($D$2>=1667,$D$4<70000),'ค่าบำรุงรักษา (ระยะทาง)'!O17,IF(AND($D$2>=1667,$D$4<80000),'ค่าบำรุงรักษา (ระยะทาง)'!Q17,IF(AND($D$2>=1667,$D$4<90000),'ค่าบำรุงรักษา (ระยะทาง)'!S17,IF(AND($D$2>=1667,$D$4<100000),'ค่าบำรุงรักษา (ระยะทาง)'!U17,IF(AND($D$2>=1667,$D$4<110000),'ค่าบำรุงรักษา (ระยะทาง)'!W17,IF(AND($D$2>=1667,$D$4<120000),'ค่าบำรุงรักษา (ระยะทาง)'!Y17,IF(AND($D$2>=1667,$D$4<130000),'ค่าบำรุงรักษา (ระยะทาง)'!AA17,IF(AND($D$2>=1667,$D$4<140000),'ค่าบำรุงรักษา (ระยะทาง)'!AC17,IF(AND($D$2>=1667,$D$4<150000),'ค่าบำรุงรักษา (ระยะทาง)'!AE17,IF(AND($D$2>=1667,$D$4<160000),'ค่าบำรุงรักษา (ระยะทาง)'!AG17,IF(AND($D$2>=1667,$D$4<170000),'ค่าบำรุงรักษา (ระยะทาง)'!AI17,IF(AND($D$2>=1667,$D$4<180000),'ค่าบำรุงรักษา (ระยะทาง)'!AK17,IF(AND($D$2>=1667,$D$4<190000),'ค่าบำรุงรักษา (ระยะทาง)'!AM17,IF(AND($D$2>=1667,$D$4<200000),'ค่าบำรุงรักษา (ระยะทาง)'!AO17,IF(AND($D$2>=1667,$D$4<210000),'ค่าบำรุงรักษา (ระยะทาง)'!AQ17,IF(AND($D$2>=1667,$D$4<220000),'ค่าบำรุงรักษา (ระยะทาง)'!AS17,IF(AND($D$2>=1667,$D$4<220000),'ค่าบำรุงรักษา (ระยะทาง)'!AU17,IF(AND($D$2>=1667,$D$4<240000),'ค่าบำรุงรักษา (ระยะทาง)'!AW17,IF(AND($D$2>=1667,$D$4<250000),'ค่าบำรุงรักษา (ระยะทาง)'!AY17,IF(AND($D$2>=1667,$D$4<260000),'ค่าบำรุงรักษา (ระยะทาง)'!BA17,IF(AND($D$2>=1667,$D$4<270000),'ค่าบำรุงรักษา (ระยะทาง)'!BC17,IF(AND($D$2>=1667,$D$4<280000),'ค่าบำรุงรักษา (ระยะทาง)'!BE17,IF(AND($D$2>=1667,$D$4<290000),'ค่าบำรุงรักษา (ระยะทาง)'!BG17,IF(AND($D$2>=1667,$D$4<300000),'ค่าบำรุงรักษา (ระยะทาง)'!BH15,IF(AND($D$2>=1667,$D$4<310000),'ค่าบำรุงรักษา (ระยะทาง)'!BK17,IF(AND($D$2>=1667,$D$4<320000),'ค่าบำรุงรักษา (ระยะทาง)'!BM17,IF(AND($D$2>=1667,$D$4<330000),'ค่าบำรุงรักษา (ระยะทาง)'!BO17,IF(AND($D$2>=1667,$D$4<340000),'ค่าบำรุงรักษา (ระยะทาง)'!BQ17,IF(AND($D$2>=1667,$D$4<350000),'ค่าบำรุงรักษา (ระยะทาง)'!BS17,IF(AND($D$2>=1667,$D$4<370000),'ค่าบำรุงรักษา (ระยะทาง)'!BW17,IF(AND($D$2>=1667,$D$4<380000),'ค่าบำรุงรักษา (ระยะทาง)'!BY17,IF(AND($D$2>=1667,$D$4<390000),'ค่าบำรุงรักษา (ระยะทาง)'!CA17,IF(AND($D$2>=1667,$D$4<400000),'ค่าบำรุงรักษา (ระยะทาง)'!CC17,IF(AND($D$2>=1667,$D$4<430000),'ค่าบำรุงรักษา (ระยะทาง)'!CE17,IF(AND($D$2>=1667,$D$4<430000),'ค่าบำรุงรักษา (ระยะทาง)'!CI17,IF(AND($D$2>=1667,$D$4<440000),'ค่าบำรุงรักษา (ระยะทาง)'!CK17,IF(AND($D$2>=1667,$D$4<460000),'ค่าบำรุงรักษา (ระยะทาง)'!CO17,IF(AND($D$2>=1667,$D$4<470000),'ค่าบำรุงรักษา (ระยะทาง)'!CQ17,IF(AND($D$2>=1667,$D$4<480000),'ค่าบำรุงรักษา (ระยะทาง)'!CS17,IF(AND($D$2>=1667,$D$4<490000),'ค่าบำรุงรักษา (ระยะทาง)'!CU17)))))))))))))))))))))))))))))))))))))))))))))))))))))))))))))))) -> 3300 | L20: =$D$4*$I$4/B20 -> 13500 | M20: =C20+E20+F20+G20+H20+I20+K20+L20+J20 -> 848986.21
A21: BYD Atto 3 (LT) | B21: =ค่าพลังงาน!B20 -> 5.6 | C21: =ราคาเริ่มต้น!B18 -> 799000 | D21: =IF($D$3=1,ราคาเริ่มต้น!D18,IF($D$3=2,ราคาเริ่มต้น!E18,IF($D$3=3,ราคาเริ่มต้น!F18,IF($D$3=4,ราคาเริ่มต้น!G18,IF($D$3=5,ราคาเริ่มต้น!H18,IF($D$3=6,ราคาเริ่มต้น!I18,IF($D$3=7,ราคาเริ่มต้น!J18,IF($D$3=8,ราคาเริ่มต้น!K18,IF($D$3=9,ราคาเริ่มต้น!L18,IF($D$3=10,ราคาเริ่มต้น!M18,IF($D$3=11,ราคาเริ่มต้น!N18,IF($D$3=12,ราคาเริ่มต้น!O18,IF($D$3=13,ราคาเริ่มต้น!P18,IF($D$3=14,ราคาเริ่มต้น!Q18,IF($D$3=15,ราคาเริ่มต้น!R18,IF($D$3=16,ราคาเริ่มต้น!S18,IF($D$3=17,ราคาเริ่มต้น!T18,IF($D$3=18,ราคาเริ่มต้น!U18,IF($D$3=19,ราคาเริ่มต้น!V18,IF($D$3=20,ราคาเริ่มต้น!W18)))))))))))))))))))) -> 639200 | E21: =IF($D$3=1,ภาษีประจำปี!C18,IF($D$3=2,ภาษีประจำปี!E18,IF($D$3=3,ภาษีประจำปี!F18,IF($D$3=4,ภาษีประจำปี!I18,IF($D$3=5,ภาษีประจำปี!K18,IF($D$3=6,ภาษีประจำปี!M18,IF($D$3=7,ภาษีประจำปี!O18,IF($D$3=8,ภาษีประจำปี!Q18,IF($D$3=9,ภาษีประจำปี!S18,IF($D$3=10,ภาษีประจำปี!U18,IF($D$3=11,ภาษีประจำปี!W18,IF($D$3=12,ภาษีประจำปี!Y18,IF($D$3=13,ภาษีประจำปี!AA18,IF($D$3=14,ภาษีประจำปี!AC18,IF($D$3=15,ภาษีประจำปี!AE18,IF($D$3=16,ภาษีประจำปี!AG18,IF($D$3=17,ภาษีประจำปี!AI18,IF($D$3=18,ภาษีประจำปี!AK18,IF($D$3=19,ภาษีประจำปี!AM18,IF($D$3=20,ภาษีประจำปี!AO18)))))))))))))))))))) -> 260 | F21: =IF($D$3=1,ประกันภัยบังคับ!B18,IF($D$3=2,ประกันภัยบังคับ!C18,IF($D$3=3,ประกันภัยบังคับ!D18,IF($D$3=4,ประกันภัยบังคับ!E18,IF($D$3=5,ประกันภัยบังคับ!F18,IF($D$3=6,ประกันภัยบังคับ!G18,IF($D$3=7,ประกันภัยบังคับ!H18,IF($D$3=8,ประกันภัยบังคับ!I18,IF($D$3=9,ประกันภัยบังคับ!J18,IF($D$3=10,ประกันภัยบังคับ!K18,IF($D$3=11,ประกันภัยบังคับ!L18,IF($D$3=12,ประกันภัยบังคับ!M18,IF($D$3=13,ประกันภัยบังคับ!N18,IF($D$3=14,ประกันภัยบังคับ!O18,IF($D$3=15,ประกันภัยบังคับ!P18,IF($D$3=16,ประกันภัยบังคับ!Q18,IF($D$3=17,ประกันภัยบังคับ!R18,IF($D$3=18,ประกันภัยบังคับ!S18,IF($D$3=19,ประกันภัยบังคับ!T18,IF($D$3=20,ประกันภัยบังคับ!U18)))))))))))))))))))) -> 645.21 | G21: =IF($D$3=1,ประกันภัยชั้น1!C18,IF($D$3=2,ประกันภัยชั้น1!E18,IF($D$3=3,ประกันภัยชั้น1!G18,IF($D$3=4,ประกันภัยชั้น1!I18,IF($D$3=5,ประกันภัยชั้น1!K18,IF($D$3=6,ประกันภัยชั้น1!M18,IF($D$3=7,ประกันภัยชั้น1!O18,IF($D$3=8,ประกันภัยชั้น1!Q18,IF($D$3=9,ประกันภัยชั้น1!S18,IF($D$3=10,ประกันภัยชั้น1!U18,IF($D$3=11,ประกันภัยชั้น1!W18,IF($D$3=12,ประกันภัยชั้น1!Y18,IF($D$3=13,ประกันภัยชั้น1!AA18,IF($D$3=14,ประกันภัยชั้น1!AC18,IF($D$3=15,ประกันภัยชั้น1!AE18,IF($D$3=16,ประกันภัยชั้น1!AG18,IF($D$3=17,ประกันภัยชั้น1!AI18,IF($D$3=18,ประกันภัยชั้น1!AK18,IF($D$3=19,ประกันภัยชั้น1!AM18,IF($D$3=20,ประกันภัยชั้น1!AO18)))))))))))))))))))) -> 32281 | H21: =IF(AND($D$2<1667,$D$3=1),'ยางรถ (ปี)'!B20,IF(AND($D$2<1667,$D$3=2),'ยางรถ (ปี)'!C20,IF(AND($D$2<1667,$D$3=3),'ยางรถ (ปี)'!C20,IF(AND($D$2<1667,$D$3=4),'ยางรถ (ปี)'!E20,IF(AND($D$2<1667,$D$3=5),'ยางรถ (ปี)'!E20,IF(AND($D$2<1667,$D$3=6),'ยางรถ (ปี)'!G20,IF(AND($D$2<1667,$D$3=7),'ยางรถ (ปี)'!G20,IF(AND($D$2<1667,$D$3=8),'ยางรถ (ปี)'!I20,IF(AND($D$2<1667,$D$3=9),'ยางรถ (ปี)'!I20,IF(AND($D$2<1667,$D$3=10),'ยางรถ (ปี)'!K20,IF(AND($D$2<1667,$D$3=11),'ยางรถ (ปี)'!K20,IF(AND($D$2<1667,$D$3=12),'ยางรถ (ปี)'!M20,IF(AND($D$2<1667,$D$3=13),'ยางรถ (ปี)'!M20,IF(AND($D$2<1667,$D$3=14),'ยางรถ (ปี)'!O20,IF(AND($D$2<1667,$D$3=15),'ยางรถ (ปี)'!O20,IF(AND($D$2<1667,$D$3=16),'ยางรถ (ปี)'!Q20,IF(AND($D$2<1667,$D$3=17),'ยางรถ (ปี)'!Q20,IF(AND($D$2<1667,$D$3=18),'ยางรถ (ปี)'!S20,IF(AND($D$2<1667,$D$3=19),'ยางรถ (ปี)'!S20,IF(AND($D$2<1667,$D$3=20),'ยางรถ (ปี)'!U20,IF(AND($D$2<1667,$D$3=21),'ยางรถ (ปี)'!V20,IF(AND($D$2>=1667,$D$4<40000),0,IF(AND($D$2>=1667, $D$4<80000),'ยางรถ(ระยะทาง)'!F18,IF(AND($D$2>=1667, $D$4<120000),'ยางรถ(ระยะทาง)'!L18,IF(AND($D$2>=1667, $D$4<160000),'ยางรถ(ระยะทาง)'!R18,IF(AND($D$2>=1667, $D$4<200000),'ยางรถ(ระยะทาง)'!X18,IF(AND($D$2>=1667, $D$4<240000),'ยางรถ(ระยะทาง)'!Y18,IF(AND($D$2>=1667, $D$4<280000),'ยางรถ(ระยะทาง)'!AE18,IF(AND($D$2>=1667, $D$4<320000),'ยางรถ(ระยะทาง)'!AK18,IF(AND($D$2>=1667, $D$4<360000),'ยางรถ(ระยะทาง)'!AQ18,IF(AND($D$2>=1667, $D$4<400000),'ยางรถ(ระยะทาง)'!AW18,IF(AND($D$2>=1667, $D$4<440000),'ยางรถ(ระยะทาง)'!AX18,IF(AND($D$2>=1667, $D$4<480000),'ยางรถ(ระยะทาง)'!BC18,IF(AND($D$2>=1667, $D$4<520000),'ยางรถ(ระยะทาง)'!BI18,IF(AND($D$2>=1667, $D$4<560000),'ยางรถ(ระยะทาง)'!BK18,IF(AND($D$2>=1667, $D$4<600000),'ยางรถ(ระยะทาง)'!BM18,IF(AND($D$2>=1667, $D$4<640000),'ยางรถ(ระยะทาง)'!BN18,IF(AND($D$2>=1667, $D$4<680000),'ยางรถ(ระยะทาง)'!BO18,IF(AND($D$2>=1667, $D$4<720000),'ยางรถ(ระยะทาง)'!BQ18,IF(AND($D$2>=1667, $D$4<760000),'ยางรถ(ระยะทาง)'!BS18,IF(AND($D$2>=1667, $D$4<800000),'ยางรถ(ระยะทาง)'!BU18))))))))))))))))))))))))))))))))))))))))) -> 0 | I21: =IF(AND($D$2<1667,$D$3=1),'แบตเตอร์รี่ (ปี)'!B18,IF(AND($D$2<1667,$D$3=2),'แบตเตอร์รี่ (ปี)'!C18,IF(AND($D$2<1667,$D$3=3),'แบตเตอร์รี่ (ปี)'!C18,IF(AND($D$2<1667,$D$3=4),'แบตเตอร์รี่ (ปี)'!E18,IF(AND($D$2<1667,$D$3=5),'แบตเตอร์รี่ (ปี)'!E18,IF(AND($D$2<1667,$D$3=6),'แบตเตอร์รี่ (ปี)'!G18,IF(AND($D$2<1667,$D$3=7),'แบตเตอร์รี่ (ปี)'!G18,IF(AND($D$2<1667,$D$3=8),'แบตเตอร์รี่ (ปี)'!I18,IF(AND($D$2<1667,$D$3=9),'แบตเตอร์รี่ (ปี)'!I18,IF(AND($D$2<1667,$D$3=10),'แบตเตอร์รี่ (ปี)'!K18,IF(AND($D$2<1667,$D$3=11),'แบตเตอร์รี่ (ปี)'!K18,IF(AND($D$2<1667,$D$3=12),'แบตเตอร์รี่ (ปี)'!M18,IF(AND($D$2<1667,$D$3=13),'แบตเตอร์รี่ (ปี)'!M18,IF(AND($D$2<1667,$D$3=14),'แบตเตอร์รี่ (ปี)'!O18,IF(AND($D$2<1667,$D$3=15),'แบตเตอร์รี่ (ปี)'!O18,IF(AND($D$2<1667,$D$3=16),'แบตเตอร์รี่ (ปี)'!Q18,IF(AND($D$2<1667,$D$3=17),'แบตเตอร์รี่ (ปี)'!Q18,IF(AND($D$2<1667,$D$3=18),'แบตเตอร์รี่ (ปี)'!S18,IF(AND($D$2<1667,$D$3=19),'แบตเตอร์รี่ (ปี)'!S18,IF(AND($D$2<1667,$D$3=20),'แบตเตอร์รี่ (ปี)'!U18,IF(AND($D$2>=1667,$D$4<40000),0,IF(AND($D$2>=1667,$D$4<80000),'แบตเตอรี(ระยะทาง) '!E18,IF(AND($D$2>=1667,$D$4<120000),'แบตเตอรี(ระยะทาง) '!I18,IF(AND($D$2>=1667,$D$4<160000),'แบตเตอรี(ระยะทาง) '!M18,IF(AND($D$2>=1667,$D$4<200000),'แบตเตอรี(ระยะทาง) '!Q18,IF(AND($D$2>=1667,$D$4<240000),'แบตเตอรี(ระยะทาง) '!E18,IF(AND($D$2>=1667,$D$4<280000),'แบตเตอรี(ระยะทาง) '!Y18,IF(AND($D$2>=1667,$D$4<320000),'แบตเตอรี(ระยะทาง) '!AC18,IF(AND($D$2>=1667,$D$4<360000),'แบตเตอรี(ระยะทาง) '!AG18,IF(AND($D$2>=1667,$D$4<400000),'แบตเตอรี(ระยะทาง) '!AK18,IF(AND($D$2>=1667,$D$4<440000),'แบตเตอรี(ระยะทาง) '!AO18,IF(AND($D$2>=1667,$D$4<480000),'แบตเตอรี(ระยะทาง) '!AS18,IF(AND($D$2>=1667,$D$4<50000),'แบตเตอรี(ระยะทาง) '!AW18,))))))))))))))))))))))))))))))))) -> 0 | J21: =IF(AND($D$2<1667,$D$3=1),'แบตเตอรีไฟฟ้า (ปี)'!B18,IF(AND($D$2<1667,$D$3=2),'แบตเตอรีไฟฟ้า (ปี)'!C18,IF(AND($D$2<1667,$D$3=3),'แบตเตอรีไฟฟ้า (ปี)'!D18,IF(AND($D$2<1667,$D$3=4),'แบตเตอรีไฟฟ้า (ปี)'!E18,IF(AND($D$2<1667,$D$3=5),'แบตเตอรีไฟฟ้า (ปี)'!F18,IF(AND($D$2<1667,$D$3=6),'แบตเตอรีไฟฟ้า (ปี)'!G18,IF(AND($D$2<1667,$D$3=7),'แบตเตอรีไฟฟ้า (ปี)'!H18,IF(AND($D$2<1667,$D$3=8),'แบตเตอรีไฟฟ้า (ปี)'!I18,IF(AND($D$2<1667,$D$3=9),'แบตเตอรีไฟฟ้า (ปี)'!I18,IF(AND($D$2<1667,$D$3=10),'แบตเตอรีไฟฟ้า (ปี)'!K18,IF(AND($D$2<1667,$D$3=11),'แบตเตอรีไฟฟ้า (ปี)'!I18,IF(AND($D$2<1667,$D$3=12),'แบตเตอรีไฟฟ้า (ปี)'!I18,IF(AND($D$2<1667,$D$3=13),'แบตเตอรีไฟฟ้า (ปี)'!I18,IF(AND($D$2<1667,$D$3=14),'แบตเตอรีไฟฟ้า (ปี)'!I18,IF(AND($D$2<1667,$D$3=15),'แบตเตอรีไฟฟ้า (ปี)'!I18,IF(AND($D$2<1667,$D$3=16),'แบตเตอรีไฟฟ้า (ปี)'!Q18,IF(AND($D$2<1667,$D$3=17),'แบตเตอรีไฟฟ้า (ปี)'!Q18,IF(AND($D$2<1667,$D$3=18),'แบตเตอรีไฟฟ้า (ปี)'!Q18,IF(AND($D$2<1667,$D$3=19),'แบตเตอรีไฟฟ้า (ปี)'!Q18,IF(AND($D$2<1667,$D$3=20),'แบตเตอรีไฟฟ้า (ปี)'!Q18,IF(AND($D$2>=1667,$D$4<170000),0,IF(AND($D$2>=1667,$D$4<340000),'แบตเตอรีรถไฟฟ้า(ระยะทาง)'!R18,IF(AND($D$2>=1667,$D$4<510000),'แบตเตอรีรถไฟฟ้า(ระยะทาง)'!AI18,))))))))))))))))))))))) -> 0 | K21: =IF(AND($D$2<1667,$D$3=1),'ค่าบำรุงรักษา(ปี)'!F18,IF(AND($D$2<1667,$D$3=2),'ค่าบำรุงรักษา(ปี)'!J18,IF(AND($D$2<1667,$D$3=3),'ค่าบำรุงรักษา(ปี)'!N18,IF(AND($D$2<1667,$D$3=4),'ค่าบำรุงรักษา(ปี)'!R18,IF(AND($D$2<1667,$D$3=5),'ค่าบำรุงรักษา(ปี)'!V18,IF(AND($D$2<1667,$D$3=6),'ค่าบำรุงรักษา(ปี)'!Z18,IF(AND($D$2<1667,$D$3=7),'ค่าบำรุงรักษา(ปี)'!AD18,IF(AND($D$2<1667,$D$3=8),'ค่าบำรุงรักษา(ปี)'!AH18,IF(AND($D$2<1667,$D$3=9),'ค่าบำรุงรักษา(ปี)'!AL18,IF(AND($D$2<1667,$D$3=10),'ค่าบำรุงรักษา(ปี)'!AP18,IF(AND($D$2<1667,$D$3=11),'ค่าบำรุงรักษา(ปี)'!AT18,IF(AND($D$2<1667,$D$3=12),'ค่าบำรุงรักษา(ปี)'!AX18,IF(AND($D$2<1667,$D$3=13),'ค่าบำรุงรักษา(ปี)'!BB18,IF(AND($D$2<1667,$D$3=14),'ค่าบำรุงรักษา(ปี)'!BF18,IF(AND($D$2<1667,$D$3=15),'ค่าบำรุงรักษา(ปี)'!BJ18,IF(AND($D$2<1667,$D$3=16),'ค่าบำรุงรักษา(ปี)'!BN18,IF(AND($D$2<1667,$D$3=17),'ค่าบำรุงรักษา(ปี)'!BR18,IF(AND($D$2<1667,$D$3=18),'ค่าบำรุงรักษา(ปี)'!BV18,IF(AND($D$2<1667,$D$3=19),'ค่าบำรุงรักษา(ปี)'!BZ18,IF(AND($D$2<1667,$D$3=20),'ค่าบำรุงรักษา(ปี)'!CD18,IF(AND($D$2>=1667,$D$4<30000),'ค่าบำรุงรักษา (ระยะทาง)'!G18,IF(AND($D$2>=1667,$D$4<40000),'ค่าบำรุงรักษา (ระยะทาง)'!I18,IF(AND($D$2>=1667,$D$4<50000),'ค่าบำรุงรักษา (ระยะทาง)'!K18,IF(AND($D$2>=1667,$D$4<60000),'ค่าบำรุงรักษา (ระยะทาง)'!M18,IF(AND($D$2>=1667,$D$4<70000),'ค่าบำรุงรักษา (ระยะทาง)'!O18,IF(AND($D$2>=1667,$D$4<80000),'ค่าบำรุงรักษา (ระยะทาง)'!Q18,IF(AND($D$2>=1667,$D$4<90000),'ค่าบำรุงรักษา (ระยะทาง)'!S18,IF(AND($D$2>=1667,$D$4<100000),'ค่าบำรุงรักษา (ระยะทาง)'!U18,IF(AND($D$2>=1667,$D$4<110000),'ค่าบำรุงรักษา (ระยะทาง)'!W18,IF(AND($D$2>=1667,$D$4<120000),'ค่าบำรุงรักษา (ระยะทาง)'!Y18,IF(AND($D$2>=1667,$D$4<130000),'ค่าบำรุงรักษา (ระยะทาง)'!AA18,IF(AND($D$2>=1667,$D$4<140000),'ค่าบำรุงรักษา (ระยะทาง)'!AC18,IF(AND($D$2>=1667,$D$4<150000),'ค่าบำรุงรักษา (ระยะทาง)'!AE18,IF(AND($D$2>=1667,$D$4<160000),'ค่าบำรุงรักษา (ระยะทาง)'!AG18,IF(AND($D$2>=1667,$D$4<170000),'ค่าบำรุงรักษา (ระยะทาง)'!AI18,IF(AND($D$2>=1667,$D$4<180000),'ค่าบำรุงรักษา (ระยะทาง)'!AK18,IF(AND($D$2>=1667,$D$4<190000),'ค่าบำรุงรักษา (ระยะทาง)'!AM18,IF(AND($D$2>=1667,$D$4<200000),'ค่าบำรุงรักษา (ระยะทาง)'!AO18,IF(AND($D$2>=1667,$D$4<210000),'ค่าบำรุงรักษา (ระยะทาง)'!AQ18,IF(AND($D$2>=1667,$D$4<220000),'ค่าบำรุงรักษา (ระยะทาง)'!AS18,IF(AND($D$2>=1667,$D$4<220000),'ค่าบำรุงรักษา (ระยะทาง)'!AU18,IF(AND($D$2>=1667,$D$4<240000),'ค่าบำรุงรักษา (ระยะทาง)'!AW18,IF(AND($D$2>=1667,$D$4<250000),'ค่าบำรุงรักษา (ระยะทาง)'!AY18,IF(AND($D$2>=1667,$D$4<260000),'ค่าบำรุงรักษา (ระยะทาง)'!BA18,IF(AND($D$2>=1667,$D$4<270000),'ค่าบำรุงรักษา (ระยะทาง)'!BC18,IF(AND($D$2>=1667,$D$4<280000),'ค่าบำรุงรักษา (ระยะทาง)'!BE18,IF(AND($D$2>=1667,$D$4<290000),'ค่าบำรุงรักษา (ระยะทาง)'!BG18,IF(AND($D$2>=1667,$D$4<300000),'ค่าบำรุงรักษา (ระยะทาง)'!BH16,IF(AND($D$2>=1667,$D$4<310000),'ค่าบำรุงรักษา (ระยะทาง)'!BK18,IF(AND($D$2>=1667,$D$4<320000),'ค่าบำรุงรักษา (ระยะทาง)'!BM18,IF(AND($D$2>=1667,$D$4<330000),'ค่าบำรุงรักษา (ระยะทาง)'!BO18,IF(AND($D$2>=1667,$D$4<340000),'ค่าบำรุงรักษา (ระยะทาง)'!BQ18,IF(AND($D$2>=1667,$D$4<350000),'ค่าบำรุงรักษา (ระยะทาง)'!BS18,IF(AND($D$2>=1667,$D$4<370000),'ค่าบำรุงรักษา (ระยะทาง)'!BW18,IF(AND($D$2>=1667,$D$4<380000),'ค่าบำรุงรักษา (ระยะทาง)'!BY18,IF(AND($D$2>=1667,$D$4<390000),'ค่าบำรุงรักษา (ระยะทาง)'!CA18,IF(AND($D$2>=1667,$D$4<400000),'ค่าบำรุงรักษา (ระยะทาง)'!CC18,IF(AND($D$2>=1667,$D$4<430000),'ค่าบำรุงรักษา (ระยะทาง)'!CE18,IF(AND($D$2>=1667,$D$4<430000),'ค่าบำรุงรักษา (ระยะทาง)'!CI18,IF(AND($D$2>=1667,$D$4<440000),'ค่าบำรุงรักษา (ระยะทาง)'!CK18,IF(AND($D$2>=1667,$D$4<460000),'ค่าบำรุงรักษา (ระยะทาง)'!CO18,IF(AND($D$2>=1667,$D$4<470000),'ค่าบำรุงรักษา (ระยะทาง)'!CQ18,IF(AND($D$2>=1667,$D$4<480000),'ค่าบำรุงรักษา (ระยะทาง)'!CS18,IF(AND($D$2>=1667,$D$4<490000),'ค่าบำรุงรักษา (ระยะทาง)'!CU18)))))))))))))))))))))))))))))))))))))))))))))))))))))))))))))))) -> 3300 | L21: =$D$4*$I$4/B21 -> 13500 | M21: =C21+E21+F21+G21+H21+I21+K21+L21+J21 -> 848986.21

Sheet ราคาเริ่มต้น
B2: ราคารถเริ่มต้น | D2: ราคาขายคงเหลือ | R2: 0.3
D3: ปีที่1 | E3: ปีที่2 | F3: ปีที่3 | G3: ปีที่4 | H3: ปีที่5 | I3: ปีที่6 | J3: ปีที่7 | K3: ปีที่8 | L3: ปีที่9 | M3: ปีที่10 | N3: ปีที่11 | O3: ปีที่12 | P3: ปีที่13 | Q3: ปีที่14 | R3: ปีที่15 | S3: ปีที่16 | T3: ปีที่17 | U3: ปีที่18 | V3: ปีที่19 | W3: ปีที่20
A4: ประเภทรถ | D4: ICE ลด15% | E4: ICE ลด10%ลดลงจากปีที่1 | F4: ICE ลด10% | G4: ICE ลด10% | H4: ICE ลด10% | I4: ICE ลด7% | J4: ICE ลด7% | K4: ICE ลด7% | L4: ICE ลด7% | M4: ICE ลด7% | N4: ICE ลด5% | O4: ICE ลด5% | P4: ICE ลด5% | Q4: ICE ลด5% | R4: ICE ลด5% | S4: ICE ลด5% | T4: ICE ลด5% | U4: ICE ลด5% | V4: ICE ลด5% | W4: ICE ลด5%
A5: Toyota Camry Sport (2021) | B5: 1475000 | D5: =B5*(82/100) -> 1209500 | E5: =B5*(74/100) -> 1091500 | F5: =B5*(67/100) -> 988250 | G5: =B5*(61/100) -> 899750 | H5: =B5*(56/100) -> 826000 | I5: =B5*(51/100) -> 752250 | J5: =B5*(46.5/100) -> 685875 | K5: =B5*(42.5/100) -> 626875 | L5: =B5*(38.5/100) -> 567875 | M5: =B5*(35/100) -> 516250 | N5: =B5*(32/100) -> 472000 | O5: =B5*(29/100) -> 427750 | P5: =B5*(26.5/100) -> 390875 | Q5: =B5*(24/100) -> 354000 | R5: =B5*(22/100) -> 324500 | S5: =B5*(20/100) -> 295000 | T5: =B5*(18.5/100) -> 272875 | U5: =B5*(17/100) -> 250750 | V5: =B5*(16/100) -> 236000 | W5: =B5*(15/100) -> 221250
A6: Altis 1.8G | B6: 909000 | D6: =B6*(85/100) -> 772650 | E6: =D6*(90/100) -> 695385 | F6: =E6*(90/100) -> 625846.5 | G6: =F6*(90/100) -> 563261.85 | H6: =G6*(90/100) -> 506935.66 | I6: =H6*(93/100) -> 471450.17 | J6: =I6*(93/100) -> 438448.66 | K6: =J6*(93/100) -> 407757.25 | L6: =K6*(93/100) -> 379214.24 | M6: =L6*(93/100) -> 352669.25 | N6: =M6*(95/100) -> 335035.78 | O6: =N6*(95/100) -> 318283.99 | P6: =O6*(95/100) -> 302369.79 | Q6: =P6*(95/100) -> 287251.31 | R6: =Q6*(95/100) -> 272888.74 | S6: =R6*(95/100) -> 259244.3 | T6: =S6*(95/100) -> 246282.09 | U6: =T6*(95/100) -> 233967.98 | ... W6: =V6*(95/100) -> 211156.1
A7: Honda Civic | B7: 1039000 | D7: =B7*(83/100) -> 862370 | E7: =B7*(75.5/100) -> 784445 | F7: =B7*(69/100) -> 716910 | G7: =B7*(63.5/100) -> 659765 | H7: =B7*(58.5/100) -> 607815 | I7: =$B7*(54/100) -> 561060 | J7: =B7*(50/100) -> 519500 | K7: =$B7*(46.5/100) -> 483135 | L7: =$B7*(43/100) -> 446770 | M7: =$B7*(40/100) -> 415600 | N7: =$B7*(37.5/100) -> 389625 | O7: =$B7*(35/100) -> 363650 | P7: =$B7*(33/100) -> 342870 | Q7: =$B7*(31/100) -> 322090 | R7: =$B7*(29/100) -> 301310 | S7: =$B7*(27.5/100) -> 285725 | T7: =$B7*(26/100) -> 270140 | U7: =$B7*(25/100) -> 259750 | V7: =$B7*(24/100) -> 249360 | W7: =$B7*(23/100) -> 238970
A8: Masda3 | B8: 1198000 | D8: =B8*(85/100) -> 1018300 | E8: =D8*(90/100) -> 916470 | F8: =E8*(90/100) -> 824823 | G8: =F8*(90/100) -> 742340.7 | H8: =G8*(90/100) -> 668106.63 | I8: =H8*(93/100) -> 621339.17 | J8: =I8*(93/100) -> 577845.42 | K8: =J8*(93/100) -> 537396.24 | L8: =K8*(93/100) -> 499778.51 | M8: =L8*(93/100) -> 464794.01 | N8: =M8*(95/100) -> 441554.31 | O8: =N8*(95/100) -> 419476.6 | P8: =O8*(95/100) -> 398502.77 | Q8: =P8*(95/100) -> 378577.63 | R8: =Q8*(95/100) -> 359648.75 | S8: =R8*(95/100) -> 341666.31 | T8: =S8*(95/100) -> 324582.99 | U8: =T8*(95/100) -> 308353.84 | ... W8: =V8*(95/100) -> 278289.34
A9: Vios | B9: 789000 | D9: =B9*(85/100) -> 670650 | E9: =D9*(90/100) -> 603585 | F9: =E9*(90/100) -> 543226.5 | G9: =F9*(90/100) -> 488903.85 | H9: =G9*(90/100) -> 440013.47 | I9: =H9*(93/100) -> 409212.52 | J9: =I9*(93/100) -> 380567.65 | K9: =J9*(93/100) -> 353927.91 | L9: =K9*(93/100) -> 329152.96 | M9: =L9*(93/100) -> 306112.25 | N9: =M9*(95/100) -> 290806.64 | O9: =N9*(95/100) -> 276266.31 | P9: =O9*(95/100) -> 262452.99 | Q9: =P9*(95/100) -> 249330.34 | R9: =Q9*(95/100) -> 236863.82 | S9: =R9*(95/100) -> 225020.63 | T9: =S9*(95/100) -> 213769.6 | U9: =T9*(95/100) -> 203081.12 | ... W9: =V9*(95/100) -> 183280.71
A10: Honda City Hatchback S+ | B10: 749000 | D10: =B10*(84.5/100) -> 632905 | E10: =B10*(76.5/100) -> 572985 | F10: =$B10*(69.5/100) -> 520555 | G10: =$B10*(63.5/100) -> 475615 | H10: =$B10*(58/100) -> 434420 | I10: =$B10*(53/100) -> 396970 | J10: =$B10*(48.5/100) -> 363265 | K10: =$B10*(44.5/100) -> 333305 | L10: =$B10*(41/100) -> 307090 | M10: =$B10*(34.5/100) -> 258405 | N10: =$B10*(32/100) -> 239680 | O10: =$B10*(29.5/100) -> 220955 | P10: =$B10*(27.5/100) -> 205975 | Q10: =$B10*(27.5/100) -> 205975 | R10: =$B10*(25.5/100) -> 190995 | S10: =$B10*(24/100) -> 179760 | T10: =$B10*(22.5/100) -> 168525 | U10: =$B10*(21.5/100) -> 161035 | V10: =$B10*(20.5/100) -> 153545 | W10: =$B10*(19.5/100) -> 146055
A11: Masda2(ดีเซล) | B11: 749000 | D11: =B11*(85/100) -> 636650 | E11: =D11*(90/100) -> 572985 | F11: =E11*(90/100) -> 515686.5 | G11: =F11*(90/100) -> 464117.85 | H11: =G11*(90/100) -> 417706.07 | I11: =H11*(93/100) -> 388466.64 | J11: =I11*(93/100) -> 361273.98 | K11: =J11*(93/100) -> 335984.8 | L11: =K11*(93/100) -> 312465.86 | M11: =L11*(93/100) -> 290593.25 | N11: =M11*(95/100) -> 276063.59 | O11: =N11*(95/100) -> 262260.41 | P11: =O11*(95/100) -> 249147.39 | Q11: =P11*(95/100) -> 236690.02 | R11: =Q11*(95/100) -> 224855.52 | S11: =R11*(95/100) -> 213612.74 | T11: =S11*(95/100) -> 202932.11 | U11: =T11*(95/100) -> 192785.5 | ... W11: =V11*(95/100) -> 173988.91
A12: Masda2(เบนซิน) | B12: 659000 | D12: =B12*(85/100) -> 560150 | E12: =D12*(90/100) -> 504135 | F12: =E12*(90/100) -> 453721.5 | G12: =F12*(90/100) -> 408349.35 | H12: =G12*(90/100) -> 367514.42 | I12: =H12*(93/100) -> 341788.41 | J12: =I12*(93/100) -> 317863.22 | K12: =J12*(93/100) -> 295612.79 | L12: =K12*(93/100) -> 274919.9 | M12: =L12*(93/100) -> 255675.5 | N12: =M12*(95/100) -> 242891.73 | O12: =N12*(95/100) -> 230747.14 | P12: =O12*(95/100) -> 219209.79 | Q12: =P12*(95/100) -> 208249.3 | R12: =Q12*(95/100) -> 197836.83 | S12: =R12*(95/100) -> 187944.99 | T12: =S12*(95/100) -> 178547.74 | U12: =T12*(95/100) -> 169620.35 | ... W12: =V12*(95/100) -> 153082.37
A13: Mg 4รุ่นD | B13: 579900 | D13: =B13*(80/100) -> 463920 | E13: =D13*(88/100) -> 408249.6 | F13: =E13*(88/100) -> 359259.65 | G13: =F13*(88/100) -> 316148.49 | H13: =G13*(88/100) -> 278210.67 | I13: =H13*(90/100) -> 250389.6 | J13: =I13*(90/100) -> 225350.64 | K13: =J13*(90/100) -> 202815.58 | L13: =K13*(90/100) -> 182534.02 | M13: =L13*(90/100) -> 164280.62 | N13: =M13*(95/100) -> 156066.59 | O13: =N13*(95/100) -> 148263.26 | P13: =O13*(95/100) -> 140850.1 | Q13: =P13*(95/100) -> 133807.59 | R13: =Q13*(95/100) -> 127117.21 | S13: =R13*(95/100) -> 120761.35 | T13: =S13*(95/100) -> 114723.28 | U13: =T13*(95/100) -> 108987.12 | ... W13: =V13*(95/100) -> 98360.875
A14: Mg 4รุ่นD (LT) | B14: 579900 | D14: =B14*(80/100) -> 463920 | E14: =D14*(88/100) -> 408249.6 | F14: =E14*(88/100) -> 359259.65 | G14: =F14*(88/100) -> 316148.49 | H14: =G14*(88/100) -> 278210.67 | I14: =H14*(90/100) -> 250389.6 | J14: =I14*(90/100) -> 225350.64 | K14: =J14*(90/100) -> 202815.58 | L14: =K14*(90/100) -> 182534.02 | M14: =L14*(90/100) -> 164280.62 | N14: =M14*(95/100) -> 156066.59 | O14: =N14*(95/100) -> 148263.26 | P14: =O14*(95/100) -> 140850.1 | Q14: =P14*(95/100) -> 133807.59 | R14: =Q14*(95/100) -> 127117.21 | S14: =R14*(95/100) -> 120761.35 | T14: =S14*(95/100) -> 114723.28 | U14: =T14*(95/100) -> 108987.12 | ... W14: =V14*(95/100) -> 98360.875
A15: Mg 4รุ่นX | B15: 699000 | D15: =B15*(80/100) -> 559200 | E15: =D15*(88/100) -> 492096 | F15: =E15*(88/100) -> 433044.48 | G15: =F15*(88/100) -> 381079.14 | H15: =G15*(88/100) -> 335349.65 | I15: =H15*(90/100) -> 301814.68 | J15: =I15*(90/100) -> 271633.21 | K15: =J15*(90/100) -> 244469.89 | L15: =K15*(90/100) -> 220022.9 | M15: =L15*(90/100) -> 198020.61 | N15: =M15*(95/100) -> 188119.58 | O15: =N15*(95/100) -> 178713.6 | P15: =O15*(95/100) -> 169777.92 | Q15: =P15*(95/100) -> 161289.03 | R15: =Q15*(95/100) -> 153224.57 | S15: =R15*(95/100) -> 145563.35 | T15: =S15*(95/100) -> 138285.18 | U15: =T15*(95/100) -> 131370.92 | ... W15: =V15*(95/100) -> 118562.26
A16: Mg 4รุ่นX (LT) | B16: 699000 | D16: =B16*(80/100) -> 559200 | E16: =D16*(88/100) -> 492096 | F16: =E16*(88/100) -> 433044.48 | G16: =F16*(88/100) -> 381079.14 | H16: =G16*(88/100) -> 335349.65 | I16: =H16*(90/100) -> 301814.68 | J16: =I16*(90/100) -> 271633.21 | K16: =J16*(90/100) -> 244469.89 | L16: =K16*(90/100) -> 220022.9 | M16: =L16*(90/100) -> 198020.61 | N16: =M16*(95/100) -> 188119.58 | O16: =N16*(95/100) -> 178713.6 | P16: =O16*(95/100) -> 169777.92 | Q16: =P16*(95/100) -> 161289.03 | R16: =Q16*(95/100) -> 153224.57 | S16: =R16*(95/100) -> 145563.35 | T16: =S16*(95/100) -> 138285.18 | U16: =T16*(95/100) -> 131370.92 | ... W16: =V16*(95/100) -> 118562.26
A17: BYD Atto 3 | B17: 799000 | D17: =B17*(80/100) -> 639200 | E17: =D17*(88/100) -> 562496 | F17: =E17*(88/100) -> 494996.48 | G17: =F17*(88/100) -> 435596.9 | H17: =G17*(88/100) -> 383325.27 | I17: =H17*(90/100) -> 344992.75 | J17: =I17*(90/100) -> 310493.47 | K17: =J17*(90/100) -> 279444.12 | L17: =K17*(90/100) -> 251499.71 | M17: =L17*(90/100) -> 226349.74 | N17: =M17*(95/100) -> 215032.25 | O17: =N17*(95/100) -> 204280.64 | P17: =O17*(95/100) -> 194066.61 | Q17: =P17*(95/100) -> 184363.28 | R17: =Q17*(95/100) -> 175145.11 | S17: =R17*(95/100) -> 166387.86 | T17: =S17*(95/100) -> 158068.47 | U17: =T17*(95/100) -> 150165.04 | ... W17: =V17*(95/100) -> 135523.95
A18: BYD Atto 3 (LT) | B18: 799000 | D18: =B18*(80/100) -> 639200 | E18: =D18*(88/100) -> 562496 | F18: =E18*(88/100) -> 494996.48 | G18: =F18*(88/100) -> 435596.9 | H18: =G18*(88/100) -> 383325.27 | I18: =H18*(90/100) -> 344992.75 | J18: =I18*(90/100) -> 310493.47 | K18: =J18*(90/100) -> 279444.12 | L18: =K18*(90/100) -> 251499.71 | M18: =L18*(90/100) -> 226349.74 | N18: =M18*(95/100) -> 215032.25 | O18: =N18*(95/100) -> 204280.64 | P18: =O18*(95/100) -> 194066.61 | Q18: =P18*(95/100) -> 184363.28 | R18: =Q18*(95/100) -> 175145.11 | S18: =R18*(95/100) -> 166387.86 | T18: =S18*(95/100) -> 158068.47 | U18: =T18*(95/100) -> 150165.04 | ... W18: =V18*(95/100) -> 135523.95
A19: Toyota Camry (HEV) | B19: 799000 | D19: =B19*(85/100) -> 679150 | E19: =D19*(90/100) -> 611235 | F19: =E19*(90/100) -> 550111.5 | G19: =F19*(90/100) -> 495100.35 | H19: =G19*(90/100) -> 445590.32 | I19: =H19*(93/100) -> 414398.99 | J19: =I19*(93/100) -> 385391.06 | K19: =J19*(93/100) -> 358413.69 | L19: =K19*(93/100) -> 333324.73 | M19: =L19*(93/100) -> 309992 | N19: =M19*(95/100) -> 294492.4 | O19: =N19*(95/100) -> 279767.78 | P19: =O19*(95/100) -> 265779.39 | Q19: =P19*(95/100) -> 252490.42 | R19: =Q19*(95/100) -> 239865.9 | S19: =R19*(95/100) -> 227872.61 | T19: =S19*(95/100) -> 216478.97 | U19: =T19*(95/100) -> 205655.03 | ... W19: =V19*(95/100) -> 185603.66
A20: Civic(e:HEV EL) | B20: 799000 | D20: =B20*(85/100) -> 679150 | E20: =D20*(90/100) -> 611235 | F20: =E20*(90/100) -> 550111.5 | G20: =F20*(90/100) -> 495100.35 | H20: =G20*(90/100) -> 445590.32 | I20: =H20*(93/100) -> 414398.99 | J20: =I20*(93/100) -> 385391.06 | K20: =J20*(93/100) -> 358413.69 | L20: =K20*(93/100) -> 333324.73 | M20: =L20*(93/100) -> 309992 | N20: =M20*(95/100) -> 294492.4 | O20: =N20*(95/100) -> 279767.78 | P20: =O20*(95/100) -> 265779.39 | Q20: =P20*(95/100) -> 252490.42 | R20: =Q20*(95/100) -> 239865.9 | S20: =R20*(95/100) -> 227872.61 | T20: =S20*(95/100) -> 216478.97 | U20: =T20*(95/100) -> 205655.03 | ... W20: =V20*(95/100) -> 185603.66
A21: City e:HEV | B21: 799000 | D21: =B21*(85/100) -> 679150 | E21: =D21*(90/100) -> 611235 | F21: =E21*(90/100) -> 550111.5 | G21: =F21*(90/100) -> 495100.35 | H21: =G21*(90/100) -> 445590.32 | I21: =H21*(93/100) -> 414398.99 | J21: =I21*(93/100) -> 385391.06 | K21: =J21*(93/100) -> 358413.69 | L21: =K21*(93/100) -> 333324.73 | M21: =L21*(93/100) -> 309992 | N21: =M21*(95/100) -> 294492.4 | O21: =N21*(95/100) -> 279767.78 | P21: =O21*(95/100) -> 265779.39 | Q21: =P21*(95/100) -> 252490.42 | R21: =Q21*(95/100) -> 239865.9 | S21: =R21*(95/100) -> 227872.61 | T21: =S21*(95/100) -> 216478.97 | U21: =T21*(95/100) -> 205655.03 | ... W21: =V21*(95/100) -> 185603.66

Sheet ค่าพลังงาน
B1: =ตารางคำนวน!H2 -> ราคาน้ำมันดีเซล | C1: =ตารางคำนวน!I2 -> 42.2 | D1: =ตารางคำนวน!J2 -> บาท/ลิตร
B2: =ตารางคำนวน!H3 -> ราคาน้ำมันเบนซิน | C2: =ตารางคำนวน!I3 -> 44.9 | D2: =ตารางคำนวน!J3 -> บาท/ลิตร
B3: =ตารางคำนวน!H4 -> ราคาไฟฟ้า | C3: =ตารางคำนวน!I4 -> 4.2 | D3: =ตารางคำนวน!J4 -> บาท/หน่วย
B5: ค่าอัตาราการใช้พลังงาน | C5: ตกราคากิโลเมตรละ
A6: ประเภทรถ
A7: Toyota Camry Sport | B7: 14.5 | C7: =$C$2/B7 -> 3.0965517
A8: Altis 1.8G | B8: 16.5 | C8: =$C$2/B8 -> 2.7212121
A9: Honda Civic | B9: 15.5 | C9: =$C$2/B9 -> 2.8967742
A10: Masda3 | B10: 15 | C10: =$C$2/B10 -> 2.9933333
A11: Vios | B11: 15.5 | C11: =$C$2/B11 -> 2.8967742
A12: Honda City Hatchback S+ | B12: 17 | C12: =$C$2/B12 -> 2.6411765
A13: Masda2(ดีเซล) | B13: 25.1 | C13: =$C$1/B13 -> 1.6812749
A14: Masda2(เบนซิน) | B14: 19 | C14: =$C$2/B14 -> 2.3631579
A15: Mg 4รุ่นD | B15: 6.5 | C15: =$C$3/B15 -> 0.64615385
A16: Mg 4รุ่นD (LT) | B16: 6.5 | C16: =$C$3/B16 -> 0.64615385
A17: Mg 4รุ่นX | B17: 5.5 | C17: =$C$3/B17 -> 0.76363636
A18: Mg 4รุ่นX (LT) | B18: 5.5 | C18: =$C$3/B18 -> 0.76363636
A19: BYD Atto 3 | B19: 5.6 | C19: =$C$3/B19 -> 0.75
A20: BYD Atto 3 (LT) | B20: 5.6 | C20: =$C$3/B20 -> 0.75

Sheet ภาษีประจำปี
B2: ค่า ภาษีรถยนต์ประจำปี
B3: ปีที่ 1 | C3: รวม | D3: ปีที่ 2 | E3: รวม | F3: ปีที่ 3 | G3: รวม | H3: ปีที่ 4 | I3: รวม | J3: ปีที่ 5 | K3: รวม | L3: ปีที่ 6 | M3: รวม | N3: ปีที่ 7 | O3: รวม | P3: ปีที่ 8 | Q3: รวม | R3: ปีที่ 9 | S3: รวม | T3: ปีที่ 10 | U3: รวม | V3: ปีที่ 11 | W3: รวม | X3: ปีที่ 12 | Y3: รวม | Z3: ปีที่ 13 | AA3: รวม | AB3: ปีที่ 14 | AC3: รวม | AD3: ปีที่ 15 | AE3: รวม | AF3: ปีที่ 16 | AG3: รวม | AH3: ปีที่ 17 | AI3: รวม | AJ3: ปีที่ 18 | AK3: รวม | AL3: ปีที่ 19 | AM3: รวม | AN3: ปีที่ 20 | AO3: รวม
A4: ประเภทรถ
A5: Toyota Camry Sport | B5: 3474 | C5: =B5 -> 3474 | D5: 3474 | E5: =B5+D5 -> 6948 | F5: 3474 | G5: =B5+D5+F5 -> 10422 | H5: 3474 | I5: =B5+D5+F5+H5 -> 13896 | J5: 3474 | K5: =B5+D5+F5+H5+J5 -> 17370 | L5: 3126.6 | M5: =B5+D5+F5+H5+J5+L5 -> 20496.6 | N5: 2779.2 | O5: =B5+D5+F5+H5+J5+L5+N5 -> 23275.8 | P5: 2431.8 | Q5: =B5+D5+F5+H5+J5+L5+N5+P5 -> 25707.6 | R5: 2084.4 | S5: =B5+D5+F5+H5+J5+L5+N5+P5+R5 -> 27792 | T5: 1737 | U5: =B5+D5+F5+H5+J5+L5+N5+P5+R5+T5 -> 29529 | V5: 1737 | W5: =B5+D5+F5+H5+J5+L5+N5+P5+R5+T5+V5 -> 31266 | X5: 1737 | Y5: =B5+D5+F5+H5+J5+L5+N5+P5+R5+T5+V5+X5 -> 33003 | Z5: 1737 | AA5: =B5+D5+F5+H5+J5+L5+N5+P5+R5+T5+V5+X5+Z5 -> 34740 | AB5: 1737 | AC5: =B5+D5+F5+H5+J5+L5+N5+P5+R5+T5+V5+X5+Z5+AB5 -> 36477 | AD5: 1737 | AE5: =B5+D5+F5+H5+J5+L5+N5+P5+R5+T5+V5+X5+Z5+AB5+AD5 -> 38214 | AF5: 1737 | AG5: =B5+D5+F5+H5+J5+L5+N5+P5+R5+T5+V5+X5+Z5+AB5+AD5+AF5 -> 39951 | AH5: 1737 | AI5: =B5+D5+F5+H5+J5+L5+N5+P5+R5+T5+V5+X5+Z5+AB5+AD5+AF5+AH5 -> 41688 | AJ5: 1737 | AK5: =B5+D5+F5+H5+J5+L5+N5+P5+R5+T5+V5+X5+Z5+AB5+AD5+AF5+AH5+AJ5 -> 43425 | AL5: 1737 | AM5: =B5+D5+F5+H5+J5+L5+N5+P5+R5+T5+V5+X5+Z5+AB5+AD5+AF5+AH5+AJ5+AL5 -> 45162 | AN5: 1737 | AO5: =B5+D5+F5+H5+J5+L5+N5+P5+R5+T5+V5+X5+Z5+AB5+AD5+AF5+AH5+AJ5+AL5+AN5 -> 46899
A6: Altis 1.8G | B6: 2250 | C6: =B6 -> 2250 | D6: 2250 | E6: =B6+D6 -> 4500 | F6: 2250 | G6: =B6+D6+F6 -> 6750 | H6: 2250 | I6: =B6+D6+F6+H6 -> 9000 | J6: 2250 | K6: =B6+D6+F6+H6+J6 -> 11250 | L6: =B6*(90/100) -> 2025 | M6: =B6+D6+F6+H6+J6+L6 -> 13275 | N6: =B6*(80/100) -> 1800 | O6: =B6+D6+F6+H6+J6+L6+N6 -> 15075 | P6: =B6*(70/100) -> 1575 | Q6: =B6+D6+F6+H6+J6+L6+N6+P6 -> 16650 | R6: =B6*(60/100) -> 1350 | S6: =B6+D6+F6+H6+J6+L6+N6+P6+R6 -> 18000 | T6: =B6*(50/100) -> 1125 | U6: =B6+D6+F6+H6+J6+L6+N6+P6+R6+T6 -> 19125 | V6: 1125 | W6: =B6+D6+F6+H6+J6+L6+N6+P6+R6+T6+V6 -> 20250 | X6: 1125 | Y6: =B6+D6+F6+H6+J6+L6+N6+P6+R6+T6+V6+X6 -> 21375 | Z6: 1125 | AA6: =B6+D6+F6+H6+J6+L6+N6+P6+R6+T6+V6+X6+Z6 -> 22500 | AB6: 1125 | AC6: =B6+D6+F6+H6+J6+L6+N6+P6+R6+T6+V6+X6+Z6+AB6 -> 23625 | AD6: 1125 | AE6: =B6+D6+F6+H6+J6+L6+N6+P6+R6+T6+V6+X6+Z6+AB6+AD6 -> 24750 | AF6: 1125 | AG6: =B6+D6+F6+H6+J6+L6+N6+P6+R6+T6+V6+X6+Z6+AB6+AD6+AF6 -> 25875 | AH6: 1125 | AI6: =B6+D6+F6+H6+J6+L6+N6+P6+R6+T6+V6+X6+Z6+AB6+AD6+AF6+AH6 -> 27000 | AJ6: 1125 | AK6: =B6+D6+F6+H6+J6+L6+N6+P6+R6+T6+V6+X6+Z6+AB6+AD6+AF6+AH6+AJ6 -> 28125 | AL6: 1125 | AM6: =B6+D6+F6+H6+J6+L6+N6+P6+R6+T6+V6+X6+Z6+AB6+AD6+AF6+AH6+AJ6+AL6 -> 29250 | AN6: 1125 | AO6: =B6+D6+F6+H6+J6+L6+N6+P6+R6+T6+V6+X6+Z6+AB6+AD6+AF6+AH6+AJ6+AL6+AN6 -> 30375
A7: Honda Civic | B7: 1647 | C7: =B7 -> 1647 | D7: 1647 | E7: =B7+D7 -> 3294 | F7: 1647 | G7: =B7+D7+F7 -> 4941 | H7: 1647 | I7: =B7+D7+F7+H7 -> 6588 | J7: 1647 | K7: =B7+D7+F7+H7+J7 -> 8235 | L7: 1482.3 | M7: =B7+D7+F7+H7+J7+L7 -> 9717.3 | N7: 1317.6 | O7: =B7+D7+F7+H7+J7+L7+N7 -> 11034.9 | P7: 1152.9 | Q7: =B7+D7+F7+H7+J7+L7+N7+P7 -> 12187.8 | R7: 988.2 | S7: =B7+D7+F7+H7+J7+L7+N7+P7+R7 -> 13176 | T7: 823.5 | U7: =B7+D7+F7+H7+J7+L7+N7+P7+R7+T7 -> 13999.5 | V7: 823.5 | W7: =B7+D7+F7+H7+J7+L7+N7+P7+R7+T7+V7 -> 14823 | X7: 823.5 | Y7: =B7+D7+F7+H7+J7+L7+N7+P7+R7+T7+V7+X7 -> 15646.5 | Z7: 823.5 | AA7: =B7+D7+F7+H7+J7+L7+N7+P7+R7+T7+V7+X7+Z7 -> 16470 | AB7: 823.5 | AC7: =B7+D7+F7+H7+J7+L7+N7+P7+R7+T7+V7+X7+Z7+AB7 -> 17293.5 | AD7: 823.5 | AE7: =B7+D7+F7+H7+J7+L7+N7+P7+R7+T7+V7+X7+Z7+AB7+AD7 -> 18117 | AF7: 823.5 | AG7: =B7+D7+F7+H7+J7+L7+N7+P7+R7+T7+V7+X7+Z7+AB7+AD7+AF7 -> 18940.5 | AH7: 823.5 | AI7: =B7+D7+F7+H7+J7+L7+N7+P7+R7+T7+V7+X7+Z7+AB7+AD7+AF7+AH7 -> 19764 | AJ7: 823.5 | AK7: =B7+D7+F7+H7+J7+L7+N7+P7+R7+T7+V7+X7+Z7+AB7+AD7+AF7+AH7+AJ7 -> 20587.5 | AL7: 823.5 | AM7: =B7+D7+F7+H7+J7+L7+N7+P7+R7+T7+V7+X7+Z7+AB7+AD7+AF7+AH7+AJ7+AL7 -> 21411 | AN7: 823.5 | AO7: =B7+D7+F7+H7+J7+L7+N7+P7+R7+T7+V7+X7+Z7+AB7+AD7+AF7+AH7+AJ7+AL7+AN7 -> 22234.5
A8: Masda3 | B8: 2900 | C8: =B8 -> 2900 | D8: 2900 | E8: =B8+D8 -> 5800 | F8: 2900 | G8: =B8+D8+F8 -> 8700 | H8: 2900 | I8: =B8+D8+F8+H8 -> 11600 | J8: 2900 | K8: =B8+D8+F8+H8+J8 -> 14500 | L8: =B8*(90/100) -> 2610 | M8: =B8+D8+F8+H8+J8+L8 -> 17110 | N8: =B8*(80/100) -> 2320 | O8: =B8+D8+F8+H8+J8+L8+N8 -> 19430 | P8: =B8*(70/100) -> 2030 | Q8: =B8+D8+F8+H8+J8+L8+N8+P8 -> 21460 | R8: =B8*(60/100) -> 1740 | S8: =B8+D8+F8+H8+J8+L8+N8+P8+R8 -> 23200 | T8: =B8*(50/100) -> 1450 | U8: =B8+D8+F8+H8+J8+L8+N8+P8+R8+T8 -> 24650 | V8: 1450 | W8: =B8+D8+F8+H8+J8+L8+N8+P8+R8+T8+V8 -> 26100 | X8: 1450 | Y8: =B8+D8+F8+H8+J8+L8+N8+P8+R8+T8+V8+X8 -> 27550 | Z8: 1450 | AA8: =B8+D8+F8+H8+J8+L8+N8+P8+R8+T8+V8+X8+Z8 -> 29000 | AB8: 1450 | AC8: =B8+D8+F8+H8+J8+L8+N8+P8+R8+T8+V8+X8+Z8+AB8 -> 30450 | AD8: 1450 | AE8: =B8+D8+F8+H8+J8+L8+N8+P8+R8+T8+V8+X8+Z8+AB8+AD8 -> 31900 | AF8: 1450 | AG8: =B8+D8+F8+H8+J8+L8+N8+P8+R8+T8+V8+X8+Z8+AB8+AD8+AF8 -> 33350 | AH8: 1450 | AI8: =B8+D8+F8+H8+J8+L8+N8+P8+R8+T8+V8+X8+Z8+AB8+AD8+AF8+AH8 -> 34800 | AJ8: 1450 | AK8: =B8+D8+F8+H8+J8+L8+N8+P8+R8+T8+V8+AN8+X8+Z8+AB8+AD8+AF8+AH8+AJ8 -> 37700 | AL8: 1450 | AM8: =B8+D8+F8+H8+J8+L8+N8+P8+R8+T8+V8+X8+Z8+AB8+AD8+AF8+AH8+AJ8+AL8 -> 37700 | AN8: 1450 | AO8: =B8+D8+F8+H8+J8+L8+N8+P8+R8+T8+V8+X8+Z8+AB8+AD8+AF8+AH8+AJ8+AL8+AN8 -> 39150
A9: Vios | B9: 1650 | C9: =B9 -> 1650 | D9: 1650 | E9: =B9+D9 -> 3300 | F9: 1650 | G9: =B9+D9+F9 -> 4950 | H9: 1650 | I9: =B9+D9+F9+H9 -> 6600 | J9: 1650 | K9: =B9+D9+F9+H9+J9 -> 8250 | L9: 1485 | M9: =B9+D9+F9+H9+J9+L9 -> 9735 | N9: 1320 | O9: =B9+D9+F9+H9+J9+L9+N9 -> 11055 | P9: 1155 | Q9: =B9+D9+F9+H9+J9+L9+N9+P9 -> 12210 | R9: 990 | S9: =B9+D9+F9+H9+J9+L9+N9+P9+R9 -> 13200 | T9: 825 | U9: =B9+D9+F9+H9+J9+L9+N9+P9+R9+T9 -> 14025 | V9: 825 | W9: =B9+D9+F9+H9+J9+L9+N9+P9+R9+T9+V9 -> 14850 | X9: 825 | Y9: =B9+D9+F9+H9+J9+L9+N9+P9+R9+T9+V9+X9 -> 15675 | Z9: 825 | AA9: =B9+D9+F9+H9+J9+L9+N9+P9+R9+T9+V9+X9+Z9 -> 16500 | AB9: 825 | AC9: =B9+D9+F9+H9+J9+L9+N9+P9+R9+T9+V9+X9+Z9+AB9 -> 17325 | AD9: 825 | AE9: =B9+D9+F9+H9+J9+L9+N9+P9+R9+T9+V9+X9+Z9+AB9+AD9 -> 18150 | AF9: 825 | AG9: =B9+D9+F9+H9+J9+L9+N9+P9+R9+T9+V9+X9+Z9+AB9+AD9+AF9 -> 18975 | AH9: 825 | AI9: =B9+D9+F9+H9+J9+L9+N9+P9+R9+T9+V9+X9+Z9+AB9+AD9+AF9+AH9 -> 19800 | AJ9: 825 | AK9: =B9+D9+F9+H9+J9+L9+N9+P9+R9+T9+V9+AN9+X9+Z9+AB9+AD9+AF9+AH9+AJ9 -> 21450 | AL9: 825 | AM9: =B9+D9+F9+H9+J9+L9+N9+P9+R9+T9+V9+X9+Z9+AB9+AD9+AF9+AH9+AJ9+AL9 -> 21450 | AN9: 825 | AO9: =B9+D9+F9+H9+J9+L9+N9+P9+R9+T9+V9+X9+Z9+AB9+AD9+AF9+AH9+AJ9+AL9+AN9 -> 22275
A10: Honda City Hatchback S+ | B10: 1647 | C10: =B10 -> 1647 | D10: 1647 | E10: =B10+D10 -> 3294 | F10: 1647 | G10: =B10+D10+F10 -> 4941 | H10: 1647 | I10: =B10+D10+F10+H10 -> 6588 | J10: 1647 | K10: =B10+D10+F10+H10+J10 -> 8235 | L10: 793.8 | M10: =B10+D10+F10+H10+J10+L10 -> 9028.8 | N10: 705.6 | O10: =B10+D10+F10+H10+J10+L10+N10 -> 9734.4 | P10: 617.4 | Q10: =B10+D10+F10+H10+J10+L10+N10+P10 -> 10351.8 | R10: 529.2 | S10: =B10+D10+F10+H10+J10+L10+N10+P10+R10 -> 10881 | T10: 441 | U10: =B10+D10+F10+H10+J10+L10+N10+P10+R10+T10 -> 11322 | V10: 441 | W10: =B10+D10+F10+H10+J10+L10+N10+P10+R10+T10+V10 -> 11763 | X10: 441 | Y10: =B10+D10+F10+H10+J10+L10+N10+P10+R10+T10+V10+X10 -> 12204 | Z10: 441 | AA10: =B10+D10+F10+H10+J10+L10+N10+P10+R10+T10+V10+X10+Z10 -> 12645 | AB10: 441 | AC10: =B10+D10+F10+H10+J10+L10+N10+P10+R10+T10+V10+X10+Z10+AB10 -> 13086 | AD10: 441 | AE10: =B10+D10+F10+H10+J10+L10+N10+P10+R10+T10+V10+X10+Z10+AB10+AD10 -> 13527 | AF10: 441 | AG10: =B10+D10+F10+H10+J10+L10+N10+P10+R10+T10+V10+X10+Z10+AB10+AD10+AF10 -> 13968 | AH10: 441 | AI10: =B10+D10+F10+H10+J10+L10+N10+P10+R10+T10+V10+X10+Z10+AB10+AD10+AF10+AH10 -> 14409 | AJ10: 441 | AK10: =B10+D10+F10+H10+J10+L10+N10+P10+R10+T10+V10+X10+Z10+AB10+AD10+AF10+AH10+AJ10 -> 14850 | AL10: 441 | AM10: =B10+D10+F10+H10+J10+L10+N10+P10+R10+T10+V10+X10+Z10+AB10+AD10+AF10+AH10+AJ10+AL10 -> 15291 | AN10: 441 | AO10: =B10+D10+F10+H10+J10+L10+N10+P10+R10+T10+V10+X10+Z10+AB10+AD10+AF10+AH10+AJ10+AL10+AN10 -> 15732
A11: Masda2(ดีเซล) | B11: 1649 | C11: =B11 -> 1649 | D11: 1649 | E11: =B11+D11 -> 3298 | F11: 1649 | G11: =B11+D11+F11 -> 4947 | H11: 1649 | I11: =B11+D11+F11+H11 -> 6596 | J11: 1649 | K11: =B11+D11+F11+H11+J11 -> 8245 | L11: =B11*(90/100) -> 1484.1 | M11: =B11+D11+F11+H11+J11+L11 -> 9729.1 | N11: =B11*(80/100) -> 1319.2 | O11: =B11+D11+F11+H11+J11+L11+N11 -> 11048.3 | P11: =B11*(70/100) -> 1154.3 | Q11: =B11+D11+F11+H11+J11+L11+N11+P11 -> 12202.6 | R11: =B11*(60/100) -> 989.4 | S11: =B11+D11+F11+H11+J11+L11+N11+P11+R11 -> 13192 | T11: =B11*(50/100) -> 824.5 | U11: =B11+D11+F11+H11+J11+L11+N11+P11+R11+T11 -> 14016.5 | V11: 824.5 | W11: =B11+D11+F11+H11+J11+L11+N11+P11+R11+T11+V11 -> 14841 | X11: 824.5 | Y11: =B11+D11+F11+H11+J11+L11+N11+P11+R11+T11+V11+X11 -> 15665.5 | Z11: 824.5 | AA11: =B11+D11+F11+H11+J11+L11+N11+P11+R11+T11+V11+X11+Z11 -> 16490 | AB11: 824.5 | AC11: =B11+D11+F11+H11+J11+L11+N11+P11+R11+T11+V11+X11+Z11+AB11 -> 17314.5 | AD11: 824.5 | AE11: =B11+D11+F11+H11+J11+L11+N11+P11+R11+T11+V11+X11+Z11+AB11+AD11 -> 18139 | AF11: 824.5 | AG11: =B11+D11+F11+H11+J11+L11+N11+P11+R11+T11+V11+X11+Z11+AB11+AD11+AF11 -> 18963.5 | AH11: 824.5 | AI11: =B11+D11+F11+H11+J11+L11+N11+P11+R11+T11+V11+X11+Z11+AB11+AD11+AF11+AH11 -> 19788 | AJ11: 824.5 | AK11: =B11+D11+F11+H11+J11+L11+N11+P11+R11+T11+V11+AN11+X11+Z11+AB11+AD11+AF11+AH11+AJ11 -> 21437 | AL11: 824.5 | AM11: =B11+D11+F11+H11+J11+L11+N11+P11+R11+T11+V11+X11+Z11+AB11+AD11+AF11+AH11+AJ11+AL11 -> 21437 | AN11: 824.5 | AO11: =B11+D11+F11+H11+J11+L11+N11+P11+R11+T11+V11+X11+Z11+AB11+AD11+AF11+AH11+AJ11+AL11+AN11 -> 22261.5
A12: Masda2(เบนซิน) | B12: 1349 | C12: =B12 -> 1349 | D12: 1349 | E12: =B12+D12 -> 2698 | F12: 1349 | G12: =B12+D12+F12 -> 4047 | H12: 1349 | I12: =B12+D12+F12+H12 -> 5396 | J12: 1349 | K12: =B12+D12+F12+H12+J12 -> 6745 | L12: =B12*(90/100) -> 1214.1 | M12: =B12+D12+F12+H12+J12+L12 -> 7959.1 | N12: =B12*(80/100) -> 1079.2 | O12: =B12+D12+F12+H12+J12+L12+N12 -> 9038.3 | P12: =B12*(70/100) -> 944.3 | Q12: =B12+D12+F12+H12+J12+L12+N12+P12 -> 9982.6 | R12: =B12*(60/100) -> 809.4 | S12: =B12+D12+F12+H12+J12+L12+N12+P12+R12 -> 10792 | T12: =B12*(50/100) -> 674.5 | U12: =B12+D12+F12+H12+J12+L12+N12+P12+R12+T12 -> 11466.5 | V12: 674.5 | W12: =B12+D12+F12+H12+J12+L12+N12+P12+R12+T12+V12 -> 12141 | X12: 674.5 | Y12: =B12+D12+F12+H12+J12+L12+N12+P12+R12+T12+V12+X12 -> 12815.5 | Z12: 674.5 | AA12: =B12+D12+F12+H12+J12+L12+N12+P12+R12+T12+V12+X12+Z12 -> 13490 | AB12: 674.5 | AC12: =B12+D12+F12+H12+J12+L12+N12+P12+R12+T12+V12+X12+Z12+AB12 -> 14164.5 | AD12: 674.5 | AE12: =B12+D12+F12+H12+J12+L12+N12+P12+R12+T12+V12+X12+Z12+AB12+AD12 -> 14839 | AF12: 674.5 | AG12: =B12+D12+F12+H12+J12+L12+N12+P12+R12+T12+V12+X12+Z12+AB12+AD12+AF12 -> 15513.5 | AH12: 674.5 | AI12: =B12+D12+F12+H12+J12+L12+N12+P12+R12+T12+V12+X12+Z12+AB12+AD12+AF12+AH12 -> 16188 | AJ12: 674.5 | AK12: =B12+D12+F12+H12+J12+L12+N12+P12+R12+T12+V12+AN12+X12+Z12+AB12+AD12+AF12+AH12+AJ12 -> 17537 | AL12: 674.5 | AM12: =B12+D12+F12+H12+J12+L12+N12+P12+R12+T12+V12+X12+Z12+AB12+AD12+AF12+AH12+AJ12+AL12 -> 17537 | AN12: 674.5 | AO12: =B12+D12+F12+H12+J12+L12+N12+P12+R12+T12+V12+X12+Z12+AB12+AD12+AF12+AH12+AJ12+AL12+AN12 -> 18211.5
A13: Mg 4รุ่นD | B13: 260 | C13: =B13 -> 260 | D13: 1300 | E13: =B13+D13 -> 1560 | F13: 1300 | G13: =B13+D13+F13 -> 2860 | H13: 1300 | I13: =B13+D13+F13+H13 -> 4160 | J13: 1300 | K13: =B13+D13+F13+H13+J13 -> 5460 | L13: 1300 | M13: =B13+D13+F13+H13+J13+L13 -> 6760 | N13: 1300 | O13: =B13+D13+F13+H13+J13+L13+N13 -> 8060 | P13: 1300 | Q13: =B13+D13+F13+H13+J13+L13+N13+P13 -> 9360 | R13: 1300 | S13: =B13+D13+F13+H13+J13+L13+N13+P13+R13 -> 10660 | T13: 1300 | U13: =B13+D13+F13+H13+J13+L13+N13+P13+R13+T13 -> 11960 | V13: 1300 | W13: =B13+D13+F13+H13+J13+L13+N13+P13+R13+T13+V13 -> 13260 | X13: 1300 | Y13: =B13+D13+F13+H13+J13+L13+N13+P13+R13+T13+V13+X13 -> 14560 | Z13: 1300 | AA13: =B13+D13+F13+H13+J13+L13+N13+P13+R13+T13+V13+X13+Z13 -> 15860 | AB13: 1300 | AC13: =B13+D13+F13+H13+J13+L13+N13+P13+R13+T13+V13+X13+Z13+AB13 -> 17160 | AD13: 1300 | AE13: =B13+D13+F13+H13+J13+L13+N13+P13+R13+T13+V13+X13+Z13+AB13+AD13 -> 18460 | AF13: 1300 | AG13: =B13+D13+F13+H13+J13+L13+N13+P13+R13+T13+V13+X13+Z13+AB13+AD13+AF13 -> 19760 | AH13: 1300 | AI13: =B13+D13+F13+H13+J13+L13+N13+P13+R13+T13+V13+X13+Z13+AB13+AD13+AF13+AH13 -> 21060 | AJ13: 1300 | AK13: =B13+D13+F13+H13+J13+L13+N13+P13+R13+T13+V13+AN13+X13+Z13+AB13+AD13+AF13+AH13+AJ13 -> 23660 | AL13: 1300 | AM13: =B13+D13+F13+H13+J13+L13+N13+P13+R13+T13+V13+X13+Z13+AB13+AD13+AF13+AH13+AJ13+AL13 -> 23660 | AN13: 1300 | AO13: =B13+D13+F13+H13+J13+L13+N13+P13+R13+T13+V13+X13+Z13+AB13+AD13+AF13+AH13+AJ13+AL13+AN13 -> 24960
A14: Mg 4รุ่นD (LT) | B14: 260 | C14: =B14 -> 260 | D14: 1300 | E14: =B14+D14 -> 1560 | F14: 1300 | G14: =B14+D14+F14 -> 2860 | H14: 1300 | I14: =B14+D14+F14+H14 -> 4160 | J14: 1300 | K14: =B14+D14+F14+H14+J14 -> 5460 | L14: 1300 | M14: =B14+D14+F14+H14+J14+L14 -> 6760 | N14: 1300 | O14: =B14+D14+F14+H14+J14+L14+N14 -> 8060 | P14: 1300 | Q14: =B14+D14+F14+H14+J14+L14+N14+P14 -> 9360 | R14: 1300 | S14: =B14+D14+F14+H14+J14+L14+N14+P14+R14 -> 10660 | T14: 1300 | U14: =B14+D14+F14+H14+J14+L14+N14+P14+R14+T14 -> 11960 | V14: 1300 | W14: =B14+D14+F14+H14+J14+L14+N14+P14+R14+T14+V14 -> 13260 | X14: 1300 | Y14: =B14+D14+F14+H14+J14+L14+N14+P14+R14+T14+V14+X14 -> 14560 | Z14: 1300 | AA14: =B14+D14+F14+H14+J14+L14+N14+P14+R14+T14+V14+X14+Z14 -> 15860 | AB14: 1300 | AC14: =B14+D14+F14+H14+J14+L14+N14+P14+R14+T14+V14+X14+Z14+AB14 -> 17160 | AD14: 1300 | AE14: =B14+D14+F14+H14+J14+L14+N14+P14+R14+T14+V14+X14+Z14+AB14+AD14 -> 18460 | AF14: 1300 | AG14: =B14+D14+F14+H14+J14+L14+N14+P14+R14+T14+V14+X14+Z14+AB14+AD14+AF14 -> 19760 | AH14: 1300 | AI14: =B14+D14+F14+H14+J14+L14+N14+P14+R14+T14+V14+X14+Z14+AB14+AD14+AF14+AH14 -> 21060 | AJ14: 1300 | AK14: =B14+D14+F14+H14+J14+L14+N14+P14+R14+T14+V14+AN14+X14+Z14+AB14+AD14+AF14+AH14+AJ14 -> 23660 | AL14: 1300 | AM14: =B14+D14+F14+H14+J14+L14+N14+P14+R14+T14+V14+X14+Z14+AB14+AD14+AF14+AH14+AJ14+AL14 -> 23660 | AN14: 1300 | AO14: =B14+D14+F14+H14+J14+L14+N14+P14+R14+T14+V14+X14+Z14+AB14+AD14+AF14+AH14+AJ14+AL14+AN14 -> 24960
A15: Mg 4รุ่นX | B15: 260 | C15: =B15 -> 260 | D15: 1300 | E15: =B15+D15 -> 1560 | F15: 1300 | G15: =B15+D15+F15 -> 2860 | H15: 1300 | I15: =B15+D15+F15+H15 -> 4160 | J15: 1300 | K15: =B15+D15+F15+H15+J15 -> 5460 | L15: 1300 | M15: =B15+D15+F15+H15+J15+L15 -> 6760 | N15: 1300 | O15: =B15+D15+F15+H15+J15+L15+N15 -> 8060 | P15: 1300 | Q15: =B15+D15+F15+H15+J15+L15+N15+P15 -> 9360 | R15: 1300 | S15: =B15+D15+F15+H15+J15+L15+N15+P15+R15 -> 10660 | T15: 1300 | U15: =B15+D15+F15+H15+J15+L15+N15+P15+R15+T15 -> 11960 | V15: 1300 | W15: =B15+D15+F15+H15+J15+L15+N15+P15+R15+T15+V15 -> 13260 | X15: 1300 | Y15: =B15+D15+F15+H15+J15+L15+N15+P15+R15+T15+V15+X15 -> 14560 | Z15: 1300 | AA15: =B15+D15+F15+H15+J15+L15+N15+P15+R15+T15+V15+X15+Z15 -> 15860 | AB15: 1300 | AC15: =B15+D15+F15+H15+J15+L15+N15+P15+R15+T15+V15+X15+Z15+AB15 -> 17160 | AD15: 1300 | AE15: =B15+D15+F15+H15+J15+L15+N15+P15+R15+T15+V15+X15+Z15+AB15+AD15 -> 18460 | AF15: 1300 | AG15: =B15+D15+F15+H15+J15+L15+N15+P15+R15+T15+V15+X15+Z15+AB15+AD15+AF15 -> 19760 | AH15: 1300 | AI15: =B15+D15+F15+H15+J15+L15+N15+P15+R15+T15+V15+X15+Z15+AB15+AD15+AF15+AH15 -> 21060 | AJ15: 1300 | AK15: =B15+D15+F15+H15+J15+L15+N15+P15+R15+T15+V15+AN15+X15+Z15+AB15+AD15+AF15+AH15+AJ15 -> 23660 | AL15: 1300 | AM15: =B15+D15+F15+H15+J15+L15+N15+P15+R15+T15+V15+X15+Z15+AB15+AD15+AF15+AH15+AJ15+AL15 -> 23660 | AN15: 1300 | AO15: =B15+D15+F15+H15+J15+L15+N15+P15+R15+T15+V15+X15+Z15+AB15+AD15+AF15+AH15+AJ15+AL15+AN15 -> 24960
A16: Mg 4รุ่นX (LT) | B16: 260 | C16: =B16 -> 260 | D16: 1300 | E16: =B16+D16 -> 1560 | F16: 1300 | G16: =B16+D16+F16 -> 2860 | H16: 1300 | I16: =B16+D16+F16+H16 -> 4160 | J16: 1300 | K16: =B16+D16+F16+H16+J16 -> 5460 | L16: 1300 | M16: =B16+D16+F16+H16+J16+L16 -> 6760 | N16: 1300 | O16: =B16+D16+F16+H16+J16+L16+N16 -> 8060 | P16: 1300 | Q16: =B16+D16+F16+H16+J16+L16+N16+P16 -> 9360 | R16: 1300 | S16: =B16+D16+F16+H16+J16+L16+N16+P16+R16 -> 10660 | T16: 1300 | U16: =B16+D16+F16+H16+J16+L16+N16+P16+R16+T16 -> 11960 | V16: 1300 | W16: =B16+D16+F16+H16+J16+L16+N16+P16+R16+T16+V16 -> 13260 | X16: 1300 | Y16: =B16+D16+F16+H16+J16+L16+N16+P16+R16+T16+V16+X16 -> 14560 | Z16: 1300 | AA16: =B16+D16+F16+H16+J16+L16+N16+P16+R16+T16+V16+X16+Z16 -> 15860 | AB16: 1300 | AC16: =B16+D16+F16+H16+J16+L16+N16+P16+R16+T16+V16+X16+Z16+AB16 -> 17160 | AD16: 1300 | AE16: =B16+D16+F16+H16+J16+L16+N16+P16+R16+T16+V16+X16+Z16+AB16+AD16 -> 18460 | AF16: 1300 | AG16: =B16+D16+F16+H16+J16+L16+N16+P16+R16+T16+V16+X16+Z16+AB16+AD16+AF16 -> 19760 | AH16: 1300 | AI16: =B16+D16+F16+H16+J16+L16+N16+P16+R16+T16+V16+X16+Z16+AB16+AD16+AF16+AH16 -> 21060 | AJ16: 1300 | AK16: =B16+D16+F16+H16+J16+L16+N16+P16+R16+T16+V16+AN16+X16+Z16+AB16+AD16+AF16+AH16+AJ16 -> 23660 | AL16: 1300 | AM16: =B16+D16+F16+H16+J16+L16+N16+P16+R16+T16+V16+X16+Z16+AB16+AD16+AF16+AH16+AJ16+AL16 -> 23660 | AN16: 1300 | AO16: =B16+D16+F16+H16+J16+L16+N16+P16+R16+T16+V16+X16+Z16+AB16+AD16+AF16+AH16+AJ16+AL16+AN16 -> 24960
A17: BYD Atto 3 | B17: 260 | C17: =B17 -> 260 | D17: 1300 | E17: =B17+D17 -> 1560 | F17: 1300 | G17: =B17+D17+F17 -> 2860 | H17: 1300 | I17: =B17+D17+F17+H17 -> 4160 | J17: 1300 | K17: =B17+D17+F17+H17+J17 -> 5460 | L17: 1300 | M17: =B17+D17+F17+H17+J17+L17 -> 6760 | N17: 1300 | O17: =B17+D17+F17+H17+J17+L17+N17 -> 8060 | P17: 1300 | Q17: =B17+D17+F17+H17+J17+L17+N17+P17 -> 9360 | R17: 1300 | S17: =B17+D17+F17+H17+J17+L17+N17+P17+R17 -> 10660 | T17: 1300 | U17: =B17+D17+F17+H17+J17+L17+N17+P17+R17+T17 -> 11960 | V17: 1300 | W17: =B17+D17+F17+H17+J17+L17+N17+P17+R17+T17+V17 -> 13260 | X17: 1300 | Y17: =B17+D17+F17+H17+J17+L17+N17+P17+R17+T17+V17+X17 -> 14560 | Z17: 1300 | AA17: =B17+D17+F17+H17+J17+L17+N17+P17+R17+T17+V17+X17+Z17 -> 15860 | AB17: 1300 | AC17: =B17+D17+F17+H17+J17+L17+N17+P17+R17+T17+V17+X17+Z17+AB17 -> 17160 | AD17: 1300 | AE17: =B17+D17+F17+H17+J17+L17+N17+P17+R17+T17+V17+X17+Z17+AB17+AD17 -> 18460 | AF17: 1300 | AG17: =B17+D17+F17+H17+J17+L17+N17+P17+R17+T17+V17+X17+Z17+AB17+AD17+AF17 -> 19760 | AH17: 1300 | AI17: =B17+D17+F17+H17+J17+L17+N17+P17+R17+T17+V17+X17+Z17+AB17+AD17+AF17+AH17 -> 21060 | AJ17: 1300 | AK17: =B17+D17+F17+H17+J17+L17+N17+P17+R17+T17+V17+AN17+X17+Z17+AB17+AD17+AF17+AH17+AJ17 -> 23660 | AL17: 1300 | AM17: =B17+D17+F17+H17+J17+L17+N17+P17+R17+T17+V17+X17+Z17+AB17+AD17+AF17+AH17+AJ17+AL17 -> 23660 | AN17: 1300 | AO17: =B17+D17+F17+H17+J17+L17+N17+P17+R17+T17+V17+X17+Z17+AB17+AD17+AF17+AH17+AJ17+AL17+AN17 -> 24960
A18: BYD Atto 3 (LT) | B18: 260 | C18: =B18 -> 260 | D18: 1300 | E18: =B18+D18 -> 1560 | F18: 1300 | G18: =B18+D18+F18 -> 2860 | H18: 1300 | I18: =B18+D18+F18+H18 -> 4160 | J18: 1300 | K18: =B18+D18+F18+H18+J18 -> 5460 | L18: 1300 | M18: =B18+D18+F18+H18+J18+L18 -> 6760 | N18: 1300 | O18: =B18+D18+F18+H18+J18+L18+N18 -> 8060 | P18: 1300 | Q18: =B18+D18+F18+H18+J18+L18+N18+P18 -> 9360 | R18: 1300 | S18: =B18+D18+F18+H18+J18+L18+N18+P18+R18 -> 10660 | T18: 1300 | U18: =B18+D18+F18+H18+J18+L18+N18+P18+R18+T18 -> 11960 | V18: 1300 | W18: =B18+D18+F18+H18+J18+L18+N18+P18+R18+T18+V18 -> 13260 | X18: 1300 | Y18: =B18+D18+F18+H18+J18+L18+N18+P18+R18+T18+V18+X18 -> 14560 | Z18: 1300 | AA18: =B18+D18+F18+H18+J18+L18+N18+P18+R18+T18+V18+X18+Z18 -> 15860 | AB18: 1300 | AC18: =B18+D18+F18+H18+J18+L18+N18+P18+R18+T18+V18+X18+Z18+AB18 -> 17160 | AD18: 1300 | AE18: =B18+D18+F18+H18+J18+L18+N18+P18+R18+T18+V18+X18+Z18+AB18+AD18 -> 18460 | AF18: 1300 | AG18: =B18+D18+F18+H18+J18+L18+N18+P18+R18+T18+V18+X18+Z18+AB18+AD18+AF18 -> 19760 | AH18: 1300 | AI18: =B18+D18+F18+H18+J18+L18+N18+P18+R18+T18+V18+X18+Z18+AB18+AD18+AF18+AH18 -> 21060 | AJ18: 1300 | AK18: =B18+D18+F18+H18+J18+L18+N18+P18+R18+T18+V18+AN18+X18+Z18+AB18+AD18+AF18+AH18+AJ18 -> 23660 | AL18: 1300 | AM18: =B18+D18+F18+H18+J18+L18+N18+P18+R18+T18+V18+X18+Z18+AB18+AD18+AF18+AH18+AJ18+AL18 -> 23660 | AN18: 1300 | AO18: =B18+D18+F18+H18+J18+L18+N18+P18+R18+T18+V18+X18+Z18+AB18+AD18+AF18+AH18+AJ18+AL18+AN18 -> 24960

Sheet ประกันภัยบังคับ
B2: ค่า พรบ
B3: ปีที่ 1 | C3: ปีที่ 2 | D3: ปีที่ 3 | E3: ปีที่ 4 | F3: ปีที่ 5 | G3: ปีที่ 6 | H3: ปีที่ 7 | I3: ปีที่ 8 | J3: ปีที่ 9 | K3: ปีที่ 10 | L3: ปีที่ 11 | M3: ปีที่ 12 | N3: ปีที่ 13 | O3: ปีที่ 14 | P3: ปีที่ 15 | Q3: ปีที่ 16 | R3: ปีที่ 17 | S3: ปีที่ 18 | T3: ปีที่ 19 | U3: ปีที่ 20
A4: ประเภทรถ
A5: Toyota Camry Sport | B5: 645.21 | C5: =B5*2 -> 1290.42 | D5: =B5*3 -> 1935.63 | E5: =B5*4 -> 2580.84 | F5: =B5*5 -> 3226.05 | G5: =B5*6 -> 3871.26 | H5: =B5*7 -> 4516.47 | I5: =B5*8 -> 5161.68 | J5: =B5*9 -> 5806.89 | K5: =B5*10 -> 6452.1 | L5: =B5*11 -> 7097.31 | M5: =B5*12 -> 7742.52 | N5: =B5*13 -> 8387.73 | O5: =B5*14 -> 9032.94 | P5: =B5*15 -> 9678.15 | Q5: =B5*16 -> 10323.36 | R5: =B5*17 -> 10968.57 | S5: =B5*18 -> 11613.78 | T5: =B5*19 -> 12258.99 | U5: =B5*20 -> 12904.2
A6: Altis 1.8G | B6: 645.21 | C6: =B6*2 -> 1290.42 | D6: =B6*3 -> 1935.63 | E6: =B6*4 -> 2580.84 | F6: =B6*5 -> 3226.05 | G6: =B6*6 -> 3871.26 | H6: =B6*7 -> 4516.47 | I6: =B6*8 -> 5161.68 | J6: =B6*9 -> 5806.89 | K6: =B6*10 -> 6452.1 | L6: =B6*11 -> 7097.31 | M6: =B6*12 -> 7742.52 | N6: =B6*13 -> 8387.73 | O6: =B6*14 -> 9032.94 | P6: =B6*15 -> 9678.15 | Q6: =B6*16 -> 10323.36 | R6: =B6*17 -> 10968.57 | S6: =B6*18 -> 11613.78 | T6: =B6*19 -> 12258.99 | U6: =B6*20 -> 12904.2
A7: Honda Civic | B7: 645.21 | C7: =B7*2 -> 1290.42 | D7: =B7*3 -> 1935.63 | E7: =B7*4 -> 2580.84 | F7: =B7*5 -> 3226.05 | G7: =B7*6 -> 3871.26 | H7: =B7*7 -> 4516.47 | I7: =B7*8 -> 5161.68 | J7: =B7*9 -> 5806.89 | K7: =B7*10 -> 6452.1 | L7: =B7*11 -> 7097.31 | M7: =B7*12 -> 7742.52 | N7: =B7*13 -> 8387.73 | O7: =B7*14 -> 9032.94 | P7: =B7*15 -> 9678.15 | Q7: =B7*16 -> 10323.36 | R7: =B7*17 -> 10968.57 | S7: =B7*18 -> 11613.78 | T7: =B7*19 -> 12258.99 | U7: =B7*20 -> 12904.2
A8: Masda3 | B8: 645.21 | C8: =B8*2 -> 1290.42 | D8: =B8*3 -> 1935.63 | E8: =B8*4 -> 2580.84 | F8: =B8*5 -> 3226.05 | G8: =B8*6 -> 3871.26 | H8: =B8*7 -> 4516.47 | I8: =B8*8 -> 5161.68 | J8: =B8*9 -> 5806.89 | K8: =B8*10 -> 6452.1 | L8: =B8*11 -> 7097.31 | M8: =B8*12 -> 7742.52 | N8: =B8*13 -> 8387.73 | O8: =B8*14 -> 9032.94 | P8: =B8*15 -> 9678.15 | Q8: =B8*16 -> 10323.36 | R8: =B8*17 -> 10968.57 | S8: =B8*18 -> 11613.78 | T8: =B8*19 -> 12258.99 | U8: =B8*20 -> 12904.2
A9: Vios | B9: 645.21 | C9: =B9*2 -> 1290.42 | D9: =B9*3 -> 1935.63 | E9: =B9*4 -> 2580.84 | F9: =B9*5 -> 3226.05 | G9: =B9*6 -> 3871.26 | H9: =B9*7 -> 4516.47 | I9: =B9*8 -> 5161.68 | J9: =B9*9 -> 5806.89 | K9: =B9*10 -> 6452.1 | L9: =B9*11 -> 7097.31 | M9: =B9*12 -> 7742.52 | N9: =B9*13 -> 8387.73 | O9: =B9*14 -> 9032.94 | P9: =B9*15 -> 9678.15 | Q9: =B9*16 -> 10323.36 | R9: =B9*17 -> 10968.57 | S9: =B9*18 -> 11613.78 | T9: =B9*19 -> 12258.99 | U9: =B9*20 -> 12904.2
A10: Honda City Hatchback S+ | B10: 645.21 | C10: =B10*2 -> 1290.42 | D10: =B10*3 -> 1935.63 | E10: =B10*4 -> 2580.84 | F10: =B10*5 -> 3226.05 | G10: =B10*6 -> 3871.26 | H10: =B10*7 -> 4516.47 | I10: =B10*8 -> 5161.68 | J10: =B10*9 -> 5806.89 | K10: =B10*10 -> 6452.1 | L10: =B10*11 -> 7097.31 | M10: =B10*12 -> 7742.52 | N10: =B10*13 -> 8387.73 | O10: =B10*14 -> 9032.94 | P10: =B10*15 -> 9678.15 | Q10: =B10*16 -> 10323.36 | R10: =B10*17 -> 10968.57 | S10: =B10*18 -> 11613.78 | T10: =B10*19 -> 12258.99 | U10: =B10*20 -> 12904.2
A11: Masda2(ดีเซล) | B11: 645.21 | C11: =B11*2 -> 1290.42 | D11: =B11*3 -> 1935.63 | E11: =B11*4 -> 2580.84 | F11: =B11*5 -> 3226.05 | G11: =B11*6 -> 3871.26 | H11: =B11*7 -> 4516.47 | I11: =B11*8 -> 5161.68 | J11: =B11*9 -> 5806.89 | K11: =B11*10 -> 6452.1 | L11: =B11*11 -> 7097.31 | M11: =B11*12 -> 7742.52 | N11: =B11*13 -> 8387.73 | O11: =B11*14 -> 9032.94 | P11: =B11*15 -> 9678.15 | Q11: =B11*16 -> 10323.36 | R11: =B11*17 -> 10968.57 | S11: =B11*18 -> 11613.78 | T11: =B11*19 -> 12258.99 | U11: =B11*20 -> 12904.2
A12: Masda2(เบนซิน) | B12: 645.21 | C12: =B12*2 -> 1290.42 | D12: =B12*3 -> 1935.63 | E12: =B12*4 -> 2580.84 | F12: =B12*5 -> 3226.05 | G12: =B12*6 -> 3871.26 | H12: =B12*7 -> 4516.47 | I12: =B12*8 -> 5161.68 | J12: =B12*9 -> 5806.89 | K12: =B12*10 -> 6452.1 | L12: =B12*11 -> 7097.31 | M12: =B12*12 -> 7742.52 | N12: =B12*13 -> 8387.73 | O12: =B12*14 -> 9032.94 | P12: =B12*15 -> 9678.15 | Q12: =B12*16 -> 10323.36 | R12: =B12*17 -> 10968.57 | S12: =B12*18 -> 11613.78 | T12: =B12*19 -> 12258.99 | U12: =B12*20 -> 12904.2
A13: Mg 4รุ่นD | B13: 645.21 | C13: =B13*2 -> 1290.42 | D13: =B13*3 -> 1935.63 | E13: =B13*4 -> 2580.84 | F13: =B13*5 -> 3226.05 | G13: =B13*6 -> 3871.26 | H13: =B13*7 -> 4516.47 | I13: =B13*8 -> 5161.68 | J13: =B13*9 -> 5806.89 | K13: =B13*10 -> 6452.1 | L13: =B13*11 -> 7097.31 | M13: =B13*12 -> 7742.52 | N13: =B13*13 -> 8387.73 | O13: =B13*14 -> 9032.94 | P13: =B13*15 -> 9678.15 | Q13: =B13*16 -> 10323.36 | R13: =B13*17 -> 10968.57 | S13: =B13*18 -> 11613.78 | T13: =B13*19 -> 12258.99 | U13: =B13*20 -> 12904.2
A14: Mg 4รุ่นD (LT) | B14: 645.21 | C14: =B14*2 -> 1290.42 | D14: =B14*3 -> 1935.63 | E14: =B14*4 -> 2580.84 | F14: =B14*5 -> 3226.05 | G14: =B14*6 -> 3871.26 | H14: =B14*7 -> 4516.47 | I14: =B14*8 -> 5161.68 | J14: =B14*9 -> 5806.89 | K14: =B14*10 -> 6452.1 | L14: =B14*11 -> 7097.31 | M14: =B14*12 -> 7742.52 | N14: =B14*13 -> 8387.73 | O14: =B14*14 -> 9032.94 | P14: =B14*15 -> 9678.15 | Q14: =B14*16 -> 10323.36 | R14: =B14*17 -> 10968.57 | S14: =B14*18 -> 11613.78 | T14: =B14*19 -> 12258.99 | U14: =B14*20 -> 12904.2
A15: Mg 4รุ่นX | B15: 645.21 | C15: =B15*2 -> 1290.42 | D15: =B15*3 -> 1935.63 | E15: =B15*4 -> 2580.84 | F15: =B15*5 -> 3226.05 | G15: =B15*6 -> 3871.26 | H15: =B15*7 -> 4516.47 | I15: =B15*8 -> 5161.68 | J15: =B15*9 -> 5806.89 | K15: =B15*10 -> 6452.1 | L15: =B15*11 -> 7097.31 | M15: =B15*12 -> 7742.52 | N15: =B15*13 -> 8387.73 | O15: =B15*14 -> 9032.94 | P15: =B15*15 -> 9678.15 | Q15: =B15*16 -> 10323.36 | R15: =B15*17 -> 10968.57 | S15: =B15*18 -> 11613.78 | T15: =B15*19 -> 12258.99 | U15: =B15*20 -> 12904.2
A16: Mg 4รุ่นX (LT) | B16: 645.21 | C16: =B16*2 -> 1290.42 | D16: =B16*3 -> 1935.63 | E16: =B16*4 -> 2580.84 | F16: =B16*5 -> 3226.05 | G16: =B16*6 -> 3871.26 | H16: =B16*7 -> 4516.47 | I16: =B16*8 -> 5161.68 | J16: =B16*9 -> 5806.89 | K16: =B16*10 -> 6452.1 | L16: =B16*11 -> 7097.31 | M16: =B16*12 -> 7742.52 | N16: =B16*13 -> 8387.73 | O16: =B16*14 -> 9032.94 | P16: =B16*15 -> 9678.15 | Q16: =B16*16 -> 10323.36 | R16: =B16*17 -> 10968.57 | S16: =B16*18 -> 11613.78 | T16: =B16*19 -> 12258.99 | U16: =B16*20 -> 12904.2
... A18: BYD Atto 3 (LT) | B18: 645.21 | C18: =B18*2 -> 1290.42 | D18: =B18*3 -> 1935.63 | E18: =B18*4 -> 2580.84 | F18: =B18*5 -> 3226.05 | G18: =B18*6 -> 3871.26 | H18: =B18*7 -> 4516.47 | I18: =B18*8 -> 5161.68 | J18: =B18*9 -> 5806.89 | K18: =B18*10 -> 6452.1 | L18: =B18*11 -> 7097.31 | M18: =B18*12 -> 7742.52 | N18: =B18*13 -> 8387.73 | O18: =B18*14 -> 9032.94 | P18: =B18*15 -> 9678.15 | Q18: =B18*16 -> 10323.36 | R18: =B18*17 -> 10968.57 | S18: =B18*18 -> 11613.78 | T18: =B18*19 -> 12258.99 | U18: =B18*20 -> 12904.2

Sheet ประกันภัยชั้น1
B2: ค่า พรบ
B3: ปีที่ 1 | C3: รวม | D3: ปีที่ 2 | E3: รวม | F3: ปีที่ 3 | G3: รวม | H3: ปีที่ 4 | I3: รวม | J3: ปีที่ 5 | K3: รวม | L3: ปีที่ 6 | M3: รวม | N3: ปีที่ 7 | O3: รวม | P3: ปีที่ 8 | Q3: รวม | R3: ปีที่ 9 | S3: รวม | T3: ปีที่ 10 | U3: รวม | V3: ปีที่ 11 | W3: รวม | X3: ปีที่ 12 | Y3: รวม | Z3: ปีที่ 13 | AA3: รวม | AB3: ปีที่ 14 | AC3: รวม | AD3: ปีที่ 15 | AE3: รวม | AF3: ปีที่ 16 | AG3: รวม | AH3: ปีที่ 17 | AI3: รวม | AJ3: ปีที่ 18 | AK3: รวม | AL3: ปีที่ 19 | AM3: รวม | AN3: ปีที่ 20 | AO3: รวม
A4: ประเภทรถ
A5: Toyota Camry Sport | B5: 25000 | C5: =B5 -> 25000 | D5: 22222 | E5: =D5+C5 -> 47222 | F5: 19444 | G5: =F5+E5 -> 66666 | H5: 16667 | I5: =H5+G5 -> 83333 | J5: 13889 | K5: =J5+I5 -> 97222 | L5: 13889 | M5: =L5+K5 -> 111111 | N5: 13889 | O5: =N5+M5 -> 125000 | P5: 13889 | Q5: =P5+O5 -> 138889 | R5: 13889 | S5: =R5+Q5 -> 152778 | T5: 13889 | U5: =T5+S5 -> 166667 | V5: 13889 | W5: =V5+U5 -> 180556 | X5: 13889 | Y5: =X5+W5 -> 194445 | Z5: 13889 | AA5: =Z5+Y5 -> 208334 | AB5: 13889 | AC5: =AB5+AA5 -> 222223 | AD5: 13889 | AE5: =AD5+AC5 -> 236112 | AF5: 13889 | AG5: =AF5+AE5 -> 250001 | AH5: 13889 | AI5: =AH5+AG5 -> 263890 | AJ5: 13889 | AK5: =AJ5+AI5 -> 277779 | AL5: 13889 | AM5: =AL5+AK5 -> 291668 | AN5: 13889 | AO5: =AN5+AM5 -> 305557
A6: Altis 1.8G | B6: 22817 | C6: =B6 -> 22817 | D6: 20282 | E6: =D6+C6 -> 43099 | F6: 17747 | G6: =F6+E6 -> 60846 | H6: 15211 | I6: =H6+G6 -> 76057 | J6: 12676 | K6: =J6+I6 -> 88733 | L6: 12676 | M6: =L6+K6 -> 101409 | N6: 12676 | O6: =N6+M6 -> 114085 | P6: 12676 | Q6: =P6+O6 -> 126761 | R6: 12676 | S6: =R6+Q6 -> 139437 | T6: 12676 | U6: =T6+S6 -> 152113 | V6: 12676 | W6: =V6+U6 -> 164789 | X6: 12676 | Y6: =X6+W6 -> 177465 | Z6: 12676 | AA6: =Z6+Y6 -> 190141 | AB6: 12676 | AC6: =AB6+AA6 -> 202817 | AD6: 12676 | AE6: =AD6+AC6 -> 215493 | AF6: 12676 | AG6: =AF6+AE6 -> 228169 | AH6: 12676 | AI6: =AH6+AG6 -> 240845 | AJ6: 12676 | AK6: =AJ6+AI6 -> 253521 | AL6: 12676 | AM6: =AL6+AK6 -> 266197 | AN6: 12676 | AO6: =AN6+AM6 -> 278873
A7: Honda Civic | B7: 24500 | C7: =B7 -> 24500 | D7: 21778 | E7: =D7+C7 -> 46278 | F7: 19056 | G7: =F7+E7 -> 65334 | H7: 16333 | I7: =H7+G7 -> 81667 | J7: 13611 | K7: =J7+I7 -> 95278 | L7: 13611 | M7: =L7+K7 -> 108889 | N7: 13611 | O7: =N7+M7 -> 122500 | P7: 13611 | Q7: =P7+O7 -> 136111 | R7: 13611 | S7: =R7+Q7 -> 149722 | T7: 13611 | U7: =T7+S7 -> 163333 | V7: 13611 | W7: =V7+U7 -> 176944 | X7: 13611 | Y7: =X7+W7 -> 190555 | Z7: 13611 | AA7: =Z7+Y7 -> 204166 | AB7: 13611 | AC7: =AB7+AA7 -> 217777 | AD7: 13611 | AE7: =AD7+AC7 -> 231388 | AF7: 13611 | AG7: =AF7+AE7 -> 244999 | AH7: 13611 | AI7: =AH7+AG7 -> 258610 | AJ7: 13611 | AK7: =AJ7+AI7 -> 272221 | AL7: 13611 | AM7: =AL7+AK7 -> 285832 | AN7: 13611 | AO7: =AN7+AM7 -> 299443
